,Label,Smiles,pChEMBL Value,Molecule ChEMBL ID
0,EGFR,CS(=O)(=O)N1CCN(Cc2cc3nc(-c4cccc5[nH]ncc45)nc(N4CCOCC4)c3s2)CC1,0,CHEMBL521851
1,EGFR,COc1ccc(CCC2=C(Cl)C(=O)c3cc(OC)cc(OC)c3C2=O)cc1,0,CHEMBL4213121
2,EGFR,COc1ccc(C(=O)/C=C/c2ccc(O)c(OC)c2)c(OC)c1,0,CHEMBL1774602
3,EGFR,O=C(CCCCCCC(=O)Nc1ccccc1)NO,0,CHEMBL98
4,EGFR,COc1cc(C(=O)Nc2c(C(=O)c3ccccc3)[nH]c3cc(Cl)ccc23)cc(OC)c1OC,0,CHEMBL4453483
5,EGFR,C=CC(=O)N1CC(Oc2ccc(Oc3c(-c4ccc(F)cc4)sc4cc(O)ccc34)cc2)C1,0,CHEMBL4865808
6,EGFR,COc1cc2c(cc1OC)-c1c3[n+](cn1CC2)CCc1cc(OC)c(OC)cc1-3.[Cl-],0,CHEMBL3338578
7,KRAS,O=c1[nH]c(NCc2ccc(CN3CCCCC3)cc2)nc2nc3ccccc3cc12,0,CHEMBL4160278
8,EGFR,[O-][S+]1CCN(Cc2ccc(-c3ccc4ncnc(Nc5ccc(OCc6ccccc6)c(F)c5)c4c3)o2)CC1,0,CHEMBL215716
9,EGFR,Cc1ccc(NC(=O)Cn2cc(-c3ccc4c(NC(=O)c5cnn(C)c5)n[nH]c4c3)cn2)cc1C(F)(F)F,0,CHEMBL4878552
10,EGFR,C=C/C=C\[C@H](C)[C@H](OC(N)=O)[C@@H](C)[C@H](O)[C@@H](C)C/C(C)=C\[C@H](C)[C@@H](O)[C@@H](C)/C=C\CCc1ccsc1,0,CHEMBL75134
11,KRAS,CC[C@H](CO)Nc1nc(NCc2cc(F)ccc2O)c2ncn(C(C)C)c2n1,0,CHEMBL2347578
12,KRAS,C=C(C)[C@@H]1CC[C@]2([C@H](O)C#CC(=O)OC)CC[C@]3(C)[C@H](CC[C@@H]4[C@@]5(C)CC[C@H](OC)C(C)(C)[C@@H]5CC[C@]43C)[C@@H]12,0,CHEMBL1090338
13,EGFR,COc1ccc(S(=O)(=O)n2ccc3cccc(-c4ccc(S(C)(=O)=O)cc4)c32)cc1,0,CHEMBL4210683
14,EGFR,CC1=CC(=O)[C@@H](O)[C@]2(C)[C@H]3[C@@H](O)[C@H](O)[C@@]4(CO)OC[C@@]35[C@@H](C[C@@H]12)OC(=O)[C@H](O)[C@]54O,0,CHEMBL2037039
15,EGFR,COc1cc(/C=C/C(=O)/C=C(O)/C=C/c2ccc(OC(=O)C(C)N)c(OC)c2)ccc1OC(=O)C(C)N.Cl.Cl,0,CHEMBL4777659
16,EGFR,COc1cc(/C=C/C(=O)/C=C/c2ccc(C)c(C)c2)ccc1O,0,CHEMBL3409207
17,KRAS,Cc1ccc(C)c(S(=O)(=O)n2cc3c(=O)oc4ccccc4c3n2)c1,0,CHEMBL4469594
18,EGFR,COc1c(-c2ccc(O)c(O)c2)oc2cc(O)cc(O)c2c1=O,0,CHEMBL163316
19,EGFR,C=C1C[C@]2(C)[C@H]3CC=C4[C@@H]5[C@@H](C)[C@H](C)CC[C@]5(C(=O)NCCNC(=O)CCCCCCC)CC[C@@]4(C)[C@]3(C)CC[C@H]2C(C)(C)C1=O,0,CHEMBL4290551
20,EGFR,O=C1c2cc(Cl)ccc2OC2c3oc4ccc(O)cc4c3CCN12,0,CHEMBL5083913
21,KRAS,O=C(/C=C/c1ccc(/C=C/C(=O)c2ccc(Cl)cc2)o1)NO,0,CHEMBL459677
22,EGFR,C=C1[C@@H](OC(C)=O)C[C@@H]2[C@](C)(CO[Si](C)(C)C(C)(C)C)[C@H](OC(C)=O)CC[C@@]2(C)[C@@H]1C[C@@H](Nc1cccc(F)c1)C1=CCOC1=O,0,CHEMBL4797497
23,KRAS,CCCS(=O)(=O)n1cc2c(=O)oc3ccccc3c2n1,0,CHEMBL4448098
24,BRAF-KRAS,CNC(=O)c1cc(Oc2ccc(NC(=O)Nc3ccc(Cl)c(C(F)(F)F)c3)cc2)ccn1,0,CHEMBL1336
25,EGFR,CNC(=O)c1ccc(Nc2ncc(C(F)(F)F)c(NCc3ccccc3OC)n2)cc1,0,CHEMBL4874518
26,EGFR,COc1cccc2c1C(=O)c1c(O)c3c(c(O)c1C2=O)C[C@@](O)(C(C)=O)C[C@@H]3O[C@H]1C[C@H](NC(=O)Cn2cc(COCc3cc4c(cc3[N+](=O)[O-])OCO4)nn2)[C@H](O)[C@H](C)O1,0,CHEMBL4470972
27,EGFR,COc1ccc(N(CC(F)(F)F)S(=O)(=O)[C@H]2C[C@H]3O[C@@H]2C(c2ccc(O)cc2)=C3c2ccc(O)cc2)cc1,0,CHEMBL4452083
28,EGFR,C=C(CC[C@@H](CO)[C@H]1CC[C@@]2(C)C3=C(CC[C@]12C)[C@@]1(C)CC[C@H](O)C(C)(C)[C@@H]1CC3)C(C)C,0,CHEMBL1765431
29,EGFR,COc1ccccc1/C=C/c1nc(Nc2cccc(O)c2)c2ccccc2n1,0,CHEMBL4459984
30,EGFR,COc1ccc2cc(-c3ccccc3)c(O)nc2c1,0,CHEMBL314461
31,BRAF,O=c1c2oc3nc(-c4cccs4)cc(C(F)(F)F)c3c2ncn1/N=C/c1ccc(Cl)cc1,0,CHEMBL4129592
32,BRAF-KRAS,COc1cc2c(Oc3ccc(NC(=O)c4cc(-c5ccccc5F)ccn4)cc3F)ccnc2cc1OCCCN1CCCCC1,0,CHEMBL2435972
33,EGFR,COCn1c(CC(COCc2ccccc2)COCc2ccccc2)c(C)c(=O)n(COC)c1=O,0,CHEMBL3288102
34,KRAS,CC1CN(c2nc(NCc3ccc(C(=O)Nc4ccc(F)cc4)cc3)c3ccccc3n2)CCN1,0,CHEMBL2018618
35,EGFR,COc1cccc2c1C(=O)c1c(O)c3c(c(O)c1C2=O)C[C@@](O)(C(=O)CO)C[C@@H]3O[C@H]1C[C@H](N)[C@H](O)[C@H](C)O1,0,CHEMBL53463
36,EGFR,O=C(NNc1cccc(Cl)c1)c1ccc(NS(=O)(=O)c2cnc(O)nc2O)cc1,0,CHEMBL4171729
37,EGFR,O=C(Nc1ccc(Oc2ccnc3[nH]ccc23)cc1)c1cn(-c2ccc(Br)cc2F)c2ncccc2c1=O,0,CHEMBL5199241
38,EGFR,O=C(NCc1cn(Cc2ccc(F)cc2)nn1)c1cn2c(n1)sc1ccccc12,0,CHEMBL4091351
39,EGFR,Cc1ccc2c(=O)[nH]c3c(C)cc(O)c(-c4ccc([C@@H](C)N)cc4)c3c2c1,0,CHEMBL4452726
40,EGFR,CN(C)CC(=O)Nc1n[nH]c2cc(Nc3ncc(Cl)c(Nc4ccccc4NS(C)(=O)=O)n3)ccc12,0,CHEMBL5206944
41,KRAS,CC(=O)N[C@@H](CCC(=O)NCCCC(COCc1ccccc1)COCc1ccccc1)C(=O)N[C@@H](CC(C)C)B1O[C@@H]2C[C@@H]3C[C@@H](C3(C)C)[C@]2(C)O1,1,CHEMBL3237867
42,KRAS,CCOC(=O)N1CCN(/[N+]([O-])=N/Oc2cc(O/N=[N+](\[O-])N(C)C)c([N+](=O)[O-])cc2[N+](=O)[O-])CC1,0,CHEMBL456318
43,EGFR,COc1ccc(/C=C2\CN(C(C)C)C/C(=C\c3nc(C)c(C)nc3C)C2=O)c(Cl)c1,0,CHEMBL4082705
44,EGFR,CC(C)c1cc(C(=O)N2Cc3ccc(CN4CCN(C)CC4)cc3C2)c(O)cc1O,1,CHEMBL1214827
45,EGFR,COc1cc2c(N3CCN(C(=S)SCc4cccnc4)CC3)ncnc2cc1OCCCN1CCCCC1,0,CHEMBL4456571
46,KRAS,CC1(C)OC2=C(C(=O)C(=O)c3ccccc32)C1n1cc(C[Se]c2ccc(Cl)cc2)nn1,0,CHEMBL5209241
47,EGFR,Br.COc1cc2oc(=O)cc(C[Se]C(=N)N)c2cc1OC,0,CHEMBL3780919
48,BRAF-KRAS,CC(=O)O[C@H]1C(=O)[C@@]2(C)[C@H]([C@H](OC(=O)c3ccccc3)[C@]3(O)C[C@H](OC(=O)[C@H](O)[C@@H](NC(=O)c4ccccc4)c4ccccc4)C(C)=C1C3(C)C)[C@]1(OC(C)=O)CO[C@@H]1C[C@@H]2O,1,CHEMBL428647
49,EGFR,COc1ccc2cc1Oc1ccc(cc1)C[C@H]1c3cc(c(OC)cc3CCN1C)Oc1c(OC(=O)CCl)c(OC)cc3c1[C@H](C2)N(C)CC3,0,CHEMBL4096483
50,EGFR,N#Cc1cccc(Cl)c1-c1nc2c3ccccc3c3ccccc3c2[nH]1,0,CHEMBL411327
51,KRAS,CN(CCCNC1=C2C(=O)c3ccccc3N3C=NC(C=C1)C23)CCCNc1c2ccccc2nc2cccc([N+](=O)[O-])c12,1,CHEMBL4785150
52,EGFR,N#CC1=C(N)Oc2c(c3nc4ccccc4nc3c3ccccc23)C12C(=O)N(Cc1cnnn1-c1ccccc1Cl)c1ccccc12,0,CHEMBL4081008
53,EGFR,COc1cc(C2C(C#N)=C(N)Oc3c2ccc(N)c3C)cc2c1OCO2,0,CHEMBL196078
54,EGFR,Cn1c(/C=C/C(=O)c2ccc(O)cc2)cc(Br)c1Br,0,CHEMBL2377639
55,EGFR,O=c1c2ccccc2nc(-c2ccccc2/C=C/c2ccccc2)n1-c1ccccc1,0,CHEMBL3417849
56,KRAS,COc1cc(CNC(=O)CCCC/C=C/C(C)C)ccc1O,0,CHEMBL294199
57,BRAF-KRAS,CN(C)CCNC(=O)c1ccc(N(C)CCN(C)C)c2c(O)c3ccccc3nc12,0,CHEMBL126010
58,EGFR,O=C(/C=C/c1csc2ccccc12)c1ccc2ccccc2c1O,0,CHEMBL5074990
59,EGFR,COc1ccccc1/C=C/C(=O)c1cc(Br)ccc1O,0,CHEMBL4283232
60,EGFR,CC1=C(COC(=O)c2ccoc2)C(=O)O[C@@H]([C@@H](C)[C@H]2CC[C@H]3[C@@H]4C[C@H]5O[C@]56[C@@H](O)C=CC(=O)[C@]6(C)[C@H]4CC[C@]23C)C1,0,CHEMBL4204260
61,BRAF-KRAS,COC(=O)c1cc(-c2nc(C(=O)OCc3ccccc3)cc3c2[nH]c2ccccc23)ccc1O,0,CHEMBL3410869
62,EGFR,COc1ccc(C2=C(NC(C)=O)C(=O)c3ccccc3C2=O)cc1,0,CHEMBL474124
63,EGFR,CS(=O)(=O)N1CCC(Nc2ncc(Cl)c(NCc3ccccc3)n2)CC1,0,CHEMBL3322242
64,EGFR,COc1cc(OCCOc2no[n+]([O-])c2S(=O)(=O)c2ccccc2)cc(C(=O)c2ccc(F)cc2)c1,0,CHEMBL5170540
65,EGFR,C=CCc1ccc(O)c(-c2cc(CC=C)cc(C(c3ccc(OC)c(OC)c3OC)N3CCOCC3)c2O)c1,0,CHEMBL4787954
66,EGFR,C[C@@H]1CN(CC(=O)N2CC(C)(C)c3ncc(Cc4ccc(F)cc4)cc32)[C@@H](CN2CCOC[C@H]2C)CN1,1,CHEMBL4064619
67,KRAS,COc1cc(Oc2cccc(Nc3ccccc3)c2)cc(OC)c1CNCCc1ccccc1,0,CHEMBL4794149
68,BRAF-KRAS,CCOC(=O)[C@H]1[C@H](C(=O)c2ccc3ccccc3c2)C12C(=O)Nc1ccc(Cl)cc12,0,CHEMBL3629792
69,BRAF-KRAS,COC(=O)c1sc2nc(C)ccc2c1Nc1cc(OC)c(OC)c(OC)c1,1,CHEMBL2332030
70,KRAS,C=C/C=C\[C@H](C)[C@@H]1OC(=O)CCCC[C@@H](C)[C@@H](O)C[C@H](O)/C=C\[C@H](C)[C@H](O)[C@@H](C)C[C@@H](C)CC[C@@H](O)[C@@H]1C,1,CHEMBL479733
71,BRAF-KRAS,CC(=O)O[C@H]1C(=O)[C@@]2(C)[C@H]([C@H](OC(=O)c3cccc(Cl)c3)[C@]3(O)C[C@H](OC(=O)[C@H](O)[C@@H](NC(=O)OC(C)(C)C)C(F)F)C(C)=C1C3(C)C)[C@]1(OC(C)=O)CO[C@@H]1C[C@@H]2O,1,CHEMBL555945
72,KRAS,Cn1c(=O)c(-c2ccc(O)cc2)cc2c(O)cc(O)cc21,0,CHEMBL85641
73,EGFR,C=C1C(=O)[C@@]23[C@H](O)C[C@@H]4C(C)(C)CCC[C@@]4(COC(C)=O)[C@@H]2[C@@H](O)C[C@H]1[C@H]3OC(=O)c1ccc(Br)cc1,0,CHEMBL4777178
74,EGFR,O=C1C(N[C@H](Cc2ccccc2)C(=O)Nc2ccc(F)c(Br)c2)=C/C(=N/O)c2ccccc21,1,CHEMBL4582983
75,EGFR,COc1cc([C@@H]2c3cc4c(cc3[C@@H](O[C@@H]3O[C@@H]5CO[C@@H](C)O[C@H]5[C@H](O)[C@H]3O)[C@H]3COC(=O)[C@H]23)OCO4)cc(OC)c1O,0,CHEMBL44657
76,EGFR,O=C1C=C(Nc2ccc3c(c2)OCO3)C(=O)c2ccccc21,0,CHEMBL4849310
77,KRAS,COc1cccc(S(=O)(=O)N2Cc3ccc(/C=C/C(=O)NO)cc3C2)c1,0,CHEMBL1808641
78,EGFR,CC(C)[C@H]1C(=O)O[C@H](C)[C@H](NC(=O)c2c3nc4c(C(=O)N[C@@H]5C(=O)N[C@H](C(C)C)C(=O)N6CCC[C@H]6C(=O)N(C)CC(=O)N(C)[C@@H](C(C)C)C(=O)O[C@@H]5C)ccc(Cl)c4oc-3c(Cl)c(=O)c2N)C(=O)N[C@H](C(C)C)C(=O)N2CCC[C@H]2C(=O)N(C)CC(=O)N1C,0,CHEMBL4845681
79,KRAS,CCN(CCO)CCCOc1cc2ncnc(Nc3cc(CC(=O)Nc4cccc(F)c4)[nH]n3)c2cc1OC,0,CHEMBL215275
80,EGFR,CO[C@@H]1C[C@]2(C)[C@@H](C[C@]3(O)C=C4C=CC(=O)OC(C)(C)[C@@H]4CC[C@@H]23)C2=C1[C@H](C)[C@@H]1OC(=O)C(C)=C[C@@H]1C2,0,CHEMBL252749
81,EGFR,COc1cc(CCc2cccc(Cl)c2Cl)cc(OC)c1O,0,CHEMBL4453803
82,EGFR,COc1ncc(-c2ccn3nc(NC(C)=O)nc3c2)cc1NS(=O)(=O)c1ccc(F)cc1,0,CHEMBL2417829
83,BRAF-KRAS,CCOC(=O)c1cn(Cc2cn(-c3ccc([N+](=O)[O-])cc3)nn2)c2ccc(Cl)cc2c1=O,0,CHEMBL4638305
84,EGFR,COc1ccccc1-c1csc2cnc(Nc3ccc(NC(=O)C4CCNCC4)cc3)nc12,0,CHEMBL4780493
85,EGFR,COc1cc([C@@H]2c3cc4c(cc3[C@@H](O[C@@H]3O[C@@H]5CO[C@@H](C)O[C@H]5[C@H](O)[C@H]3O)[C@H]3COC(=O)[C@H]23)OCO4)cc(OC)c1O,0,CHEMBL44657
86,KRAS,CCOC(=O)NC(=O)Nc1cc2c3c(cccc3c1)C(=O)N(CCN(C)C)C2=O,0,CHEMBL390921
87,EGFR,CCc1nc2c(C)cc(N3CCN(CC(=O)N4CC(O)C4)CC3)cn2c1N(C)c1nc(-c2ccc(F)cc2)c(C#N)s1,0,CHEMBL3828074
88,EGFR,C=C1C(=O)O[C@H]2[C@H]1CC/C(COC(=O)/C(=C/c1cc(OC)ccc1OC)c1ccc(Br)cc1)=C\CC[C@@]1(C)O[C@@H]21,0,CHEMBL4441961
89,EGFR,CS(=O)(=O)C(F)c1cc(-c2cnc(N)cc2C(F)(F)F)nc(N2CCOCC2)n1,0,CHEMBL4213112
90,EGFR,CC(=O)O[C@H]1CC[C@@]2(C)[C@@H](CC[C@H]3[C@@H]4CC=C(/C(C)=N/NC(=O)Nc5ccccc5)[C@@]4(C)C(=O)C[C@@H]32)C1,0,CHEMBL4745781
91,EGFR,O=C1C(Cl)=C(Nc2ccc(C(=O)N3CCOCC3)cc2)C(=O)c2ccccc21,0,CHEMBL2018798
92,EGFR,COc1ccc(C(=NNC(=O)NNC(=O)NCCCC(C)Nc2cc(OC)cc3cccnc23)c2ccc(OC)cc2)cc1,0,CHEMBL3330900
93,EGFR,COc1ccc(N(CC(F)(F)F)S(=O)(=O)[C@H]2C[C@H]3O[C@@H]2C(c2ccc(OCCCCCCC(=O)O)cc2)=C3c2ccc(O)cc2)cc1,0,CHEMBL4436988
94,EGFR,COc1ncc(-c2ccc3nc(NC(=O)N(C)C)nn3c2)cc1NS(=O)(=O)c1ccc(F)cc1,0,CHEMBL3600442
95,EGFR,CN1CCN(CCCOc2ccc3c4c(nccc24)-c2ccccc2C3=O)CC1,0,CHEMBL1770208
96,EGFR,O=C(c1ccc(OCCN2CCCCC2)cc1)c1c(-c2ccc(O)cc2)sc2cc(O)ccc12,0,CHEMBL81
97,KRAS,CC(C)(C)C[C@@H]1N[C@@H](C(=O)Nc2ccn(CC(C)(C)O)n2)[C@H](c2cccc(Cl)c2F)[C@@]1(C#N)c1ccc(Cl)cc1F,0,CHEMBL2402729
98,EGFR,CC[C@H](C)C(=O)O[C@@H]1[C@@H](C)[C@]2(O)[C@@H]3C=C(C)C(=O)[C@@H]3CC(CO)=C[C@H]2[C@@H]2C(C)(C)[C@]12OC(=O)[C@@H](C)CC,0,CHEMBL4466266
99,EGFR,O=C(/C=C/c1csc2ccccc12)c1cc(Br)ccc1O,0,CHEMBL5084490
100,EGFR,COc1cc(O)c2c(=[Se])c(OC)c(-c3ccc(OC)c(OC)c3)oc2c1,0,CHEMBL3578022
101,EGFR,C[C@]12CC[C@H](OC(=O)[C@H]3CCCN3)C[C@@H]1CC[C@@H]1[C@@H]2CC[C@]2(C)c3nnsc3C[C@@H]12,0,CHEMBL3769913
102,EGFR,CCOC(=O)CCCCCCCn1cc(-c2ccc(-c3c(N)nc(N)nc3CC)cc2)nn1,0,CHEMBL4648403
103,EGFR,COc1ccc(-c2cccc(-c3ccc(OC)cc3OC)n2)c(OC)c1,1,CHEMBL3234911
104,KRAS,Cc1n[nH]c2ncc(C(=O)N3CCC[C@H]3c3ccc(Cl)cc3)cc12,0,CHEMBL3903492
105,EGFR,COc1ccc(C2CC(c3ccc4ccccc4c3)=NN2C2=NC(=O)/C(=C3/C(=O)Nc4ccc(OC)cc43)S2)cc1,0,CHEMBL4529472
106,BRAF-KRAS,CC[C@@H](C(=O)[C@@H](C)[C@@H](O)[C@H](C)[C@@H]1O[C@@H]([C@@H](CC)C(=O)[O-])CC[C@@H]1C)[C@H]1O[C@]2(C=C[C@H](OC(=O)CC(C)C)[C@]3(CC[C@@](C)([C@H]4CC[C@](O)(CC)[C@H](C)O4)O3)O2)[C@H](C)C[C@@H]1C.[Na+],0,CHEMBL4458817
107,EGFR,COc1ccc(-c2nc(C(=O)N3CCN(CCCCCCOc4cc5c(cc4OC)C(=O)N4CCC[C@H]4C=N5)CC3)c3ccccn23)cc1,0,CHEMBL3133143
108,BRAF-KRAS,COC(=O)N1CCC2(CC1)C[C@H](Nc1ncnc3c1nnn3[C@@H]1C[C@@H](COS(N)(=O)=O)[C@@H](O)C1)c1ccccc12,0,CHEMBL5177755
109,KRAS,COc1cc(C(=O)/C=C2/C(=O)Nc3ccccc32)cc(OC)c1OC,0,CHEMBL4281309
110,EGFR,C=C1CC[C@H]2[C@@H](/C=C(\C)C(=O)[C@@]3(O)C[C@H](C)[C@H](OC(=O)/C=C/c4ccccc4)[C@@H]3[C@H]1OC(=O)c1ccccc1)C2(C)C,0,CHEMBL3426470
111,EGFR,COc1ccc(C(=O)/C=C\Nc2ccc(-c3nc4cc(OC)c(OC)c(OC)c4s3)cc2C)cc1[N+](=O)[O-],0,CHEMBL4294105
112,KRAS,Br.N=C(N)SCCCCOc1nc(/C=C/c2ccccc2)cc(/C=C/c2ccccc2)n1,0,CHEMBL4754605
113,EGFR,Cc1ccc(OCCN(CCc2ccc3c(c2)OCO3)Cc2ccc(/C=C/C(=O)NO)o2)cc1,0,CHEMBL2413289
114,EGFR,O=C(CCCCCCC(=O)Nc1ccccc1)NO,0,CHEMBL98
115,KRAS,CC(C)c1ccccc1Cc1cc(C(=O)Nc2ccc(S(=O)(=O)c3ccccc3C(C)(C)C)cc2)c(O)c(O)c1O,0,CHEMBL217354
116,EGFR,Cc1nc2c(F)cc(-c3nc(Nc4nccc(Sc5cnc(N6CCC7(CC6)CO[C@@H](C)[C@H]7N)cn5)c4Cl)ncc3F)cc2n1C(C)C,0,CHEMBL5179617
117,EGFR,CC(C)C[C@H](NC(=O)[C@H](Cc1ccccc1)NC(=O)c1cnccn1)B(O)O,1,CHEMBL325041
118,EGFR,C#CCOC(=O)[C@H](CC)[C@H]1CC[C@H](C)[C@H]([C@@H](C)[C@H](O)[C@H](C)C(=O)[C@H](CC)[C@H]2O[C@]3(C=C[C@@H](O)[C@]4(CC[C@@](C)([C@H]5CC[C@](O)(CC)[C@H](C)O5)O4)O3)[C@H](C)C[C@@H]2C)O1,0,CHEMBL4283507
119,KRAS,C=C1C[C@]23C[C@@]1(O)CC[C@H]2c1cc(Br)c(O)c(C)c1[C@@H]3Cn1cc(-c2ccc(C(F)(F)F)cc2)nn1,0,CHEMBL4226627
120,BRAF-KRAS,C[C@H]1CCC/C=C/[C@@H]2C[C@H](OC(=O)CCCC(=O)OCCCOc3no[n+]([O-])c3S(=O)(=O)c3ccccc3)C[C@H]2[C@H](OC(=O)CCCC(=O)OCCCOc2no[n+]([O-])c2S(=O)(=O)c2ccccc2)/C=C/C(=O)O1,0,CHEMBL4171906
121,EGFR,O=C(NO)c1ccc(NC(=O)C2(c3ccc4ccccc4c3)CCOCC2)cc1,1,CHEMBL4642874
122,EGFR,CC/C=C/C(=O)Nc1cc2c(N3CCCc4ccccc43)ncnc2cc1OC,0,CHEMBL4159881
123,EGFR,C=Cc1c(C)c2cc3nc(c(CC(=O)OC)c4[nH]c(cc5nc(cc1[nH]2)C(C)=C5CC)c(C)c4C(=O)NCCN/C(=N\C(=O)OC(C)(C)C)NC(=O)OC(C)(C)C)[C@@H](CCC(=O)OC)[C@@H]3C,0,CHEMBL4551107
124,EGFR,C=C1CC[C@H]2C(C)(C)CCC[C@]2(C)[C@H]1CC1=C(O)C(=O)C(CO)=CC1=O,0,CHEMBL255318
125,BRAF-KRAS,COc1cc(/C=C\c2ccc3ccccc3c2)cc([N+](=O)[O-])c1OC,0,CHEMBL180024
126,BRAF-KRAS,COc1cc2c(Oc3ccc(NC(=O)c4c(C)n(-c5ccc(F)cc5)c(=O)n4C)cc3F)ccnc2cc1OCCCN1CCN(C)CC1,0,CHEMBL3593690
127,BRAF-KRAS,CCCn1c(=O)c(NC(=O)CCc2ccc(C)cc2)c(Cl)n(CC#Cc2ccc(O)cc2)c1=O,0,CHEMBL5190600
128,EGFR,O=[N+]([O-])c1cccc(/C=C/c2nc(Nc3cccc(O)c3)c3ccccc3n2)c1,0,CHEMBL4437669
129,EGFR,Nc1nccc(-c2c[nH]c3ncc(-c4ccc(F)cc4)cc23)n1,0,CHEMBL4095226
130,BRAF-KRAS,COc1ccc(CCN2CCCN3C2=Nc2ccccc2S3(=O)=O)cc1,0,CHEMBL4779335
131,KRAS,Cc1[nH]c2ccccc2c1CC(=O)N1Cc2ccc(/C=C/C(=O)NO)cc2C1,0,CHEMBL1808625
132,EGFR,COc1ccc2c(c1)[nH]c1c(C)nccc12,0,CHEMBL269538
133,KRAS,CC1(C)OC2=C(CC1Cn1cc(C[Se]c3ccc(Cl)cc3)nn1)C(=O)C(=O)c1ccccc12,0,CHEMBL5201335
134,EGFR,COc1cc2c(Oc3ccc(NC(=O)c4nnn(-c5ccccc5C(F)(F)F)c4C)cc3F)ccnc2cc1OCCCN1CCC(C)CC1,0,CHEMBL3343389
135,EGFR,COC(=O)c1cc2cc(C=O)c3ccccc3c2oc1=O,0,CHEMBL1290457
136,EGFR,Cc1ccc(-c2cc(C(=O)OCCOc3cc(=O)oc4ccccc34)nn2-c2ccc(S(N)(=O)=O)cc2)cc1,0,CHEMBL4084887
137,EGFR,CCCCCCCCCCCCCCCC(=O)NCCCC[C@H](NC(=O)[C@H](C)NC)C(=O)N1CCC[C@H]1C(=O)NC(c1ccccc1)c1ccccc1,0,CHEMBL3623508
138,EGFR,O=C(NCCCl)Nc1ccc(I)cc1,0,CHEMBL357489
139,EGFR,COCn1c(=O)[nH]c(CC(COCc2ccccc2)COCc2ccccc2)c(C)c1=O,0,CHEMBL3288101
140,EGFR,CCOC(=O)[C@@H](N)CCCCNC1=C2C[C@@H](C)C[C@H](OC)[C@H](O)[C@@H](C)/C=C(\C)[C@H](OC(N)=O)[C@@H](OC)/C=C\C=C(/C)C(=O)NC(=CC1=O)C2=O,0,CHEMBL4794622
141,KRAS,O=C(/C=C/c1ccc(Cl)cc1)c1ccc(N2CCNCC2)cc1,0,CHEMBL393447
142,EGFR,Cc1ccc(NC2=C/C(=N/NC(N)=S)C(=O)N=C2Nc2ccc(C)cc2)cc1,0,CHEMBL3262495
143,KRAS,COc1cc(C(=O)OC2CCCC(OC(=O)c3ccc(O)c(OC)c3)C2)ccc1O,0,CHEMBL1165328
144,EGFR,CNC(=O)Nc1ccc(-c2nc3c(c(=O)n(C)c(=O)n3C)n2-c2ccc(OC)c(F)c2)cc1,0,CHEMBL1797752
145,KRAS,O=C1c2c(O)ccc(O)c2C(=O)c2c(NCCNCCO)ccc(NCCNCCO)c21,0,CHEMBL58
146,EGFR,O=C(NCCOc1no[n+]([O-])c1S(=O)(=O)c1ccccc1)c1cc2c(cn1)[nH]c1ccccc12,0,CHEMBL4874201
147,EGFR,Cc1oc2nc1C(=O)N[C@H]([C@@H](C)O)c1nc(cs1)C(=O)N[C@H](C(C)C)c1nc(cs1)C(=O)N[C@@H]2C,0,CHEMBL558012
148,KRAS,Cc1cn(-c2ccc3c(C)nc(N)nc3c2)c2c1C(=O)CC(C)(C)C2,1,CHEMBL2011854
149,KRAS,COc1cc(OCCOc2no[n+]([O-])c2S(=O)(=O)c2ccccc2)cc(C(=O)c2cc(OC)c(OC)c(OC)c2)c1,0,CHEMBL5181322
150,EGFR,COc1cc(Nc2nc(SCc3ccc(C(F)(F)F)cc3)nc3ccccc23)cc(OC)c1,0,CHEMBL4573987
151,KRAS,O=C(N/N=C1/c2cccnc2-n2cccc21)c1cccs1,0,CHEMBL4292308
152,EGFR,CCNC(=O)c1cc2c(-c3cc(S(=O)(=O)CC)ccc3Oc3c(C)cccc3C(F)F)cn(C)c(=O)c2[nH]1,0,CHEMBL4586647
153,KRAS,CCCCCCCCCC(CCN=[N+]=[N-])n1cnc2c(Cl)ncnc21,0,CHEMBL4867932
154,EGFR,Cc1ccc(-c2cc(C(F)(F)F)nn2-c2ccc(S(N)(=O)=O)cc2)cc1,0,CHEMBL118
155,EGFR,O=c1c(-c2ccc(O)cc2)coc2cc(O)cc(O)c12,0,CHEMBL44
156,EGFR,CCCSc1nc(N2CCN(Cc3ccccc3)CC2)c2[nH]c(=O)c(=O)n(Cc3ccccc3)c2n1,0,CHEMBL4177382
157,EGFR,CO[C@H]1/C=C\C=C(/C)C(=O)NC2=CC(=O)C(NCCN(C)C)=C(C[C@@H](C)C[C@H](OC)[C@H](O)[C@@H](C)/C=C(\C)[C@@H]1OC(N)=O)C2=O,0,CHEMBL383824
158,EGFR,O=C(CCCCCCC(=O)Nc1ccccc1)NO,0,CHEMBL98
159,EGFR,CCC(C)/C=C/[C@@H](C)[C@H]1CC[C@@H](C2=C[C@H](O)[C@H]3C[C@@H](O)CC[C@]3(C)C2=O)[C@]1(C)CCOC(C)=O,0,CHEMBL555868
160,EGFR,COc1cc2cc(NC(C)=O)c(=O)oc2cc1OCCOc1no[n+]([O-])c1S(=O)(=O)c1ccccc1,0,CHEMBL4797922
161,EGFR,O=C(N/N=C1/C(=O)N(Cc2ccccc2)c2ccc(Br)cc21)c1cccc([N+](=O)[O-])c1,0,CHEMBL5188789
162,EGFR,CN(C)CCN1CC(=O)N[C@@]2(CSC3=C2C(=O)c2ccccc2C3=O)C1=O,0,CHEMBL494790
163,EGFR,C/C(=C\c1csc(C)n1)[C@@H]1C[C@@H]2O[C@@H]2CCC[C@H](C)[C@H](O)[C@@H](C)C(=O)C(C)(C)[C@@H](O)CC(=O)O1,1,CHEMBL329993
164,EGFR,CC[C@@]1(O)C(=O)OCc2c1cc1n(c2=O)Cc2c-1nc1ccc(O)cc1c2C1CCCCC1,1,CHEMBL552190
165,KRAS,COc1ccc(C(=O)/C=C/c2ccc(OCCCn3nc(C)cc3C)c(OC)c2)cc1,0,CHEMBL4063094
166,EGFR,CC(C)=CCOc1ccc(C(=O)/C=C/c2ccc(O)cc2)c(O)c1,0,CHEMBL460400
167,EGFR,CCCCCCCC[C@H](NC(=O)C(C)(C)NC(=O)C(C)(C)NC(=O)[C@H](CC1CCCCC1)NC(=O)[C@@H]1CCCN1C(=O)CCC)C(=O)N[C@@H](CC(C)C)C(=O)NC(C)(C)C(=O)N[C@@H](CC(C)C)C(=O)NCCC(=O)N[C@@H](C)CN(C)C,1,CHEMBL4640089
168,EGFR,CCOP(=O)(OCC)C(Nc1ccc(CC(=O)Oc2cc(/C=C\c3cc(OC)c(OC)c(OC)c3)ccc2OC)cc1)c1ccc(F)cc1,0,CHEMBL5176611
169,EGFR,COc1ccc(-c2cc3cc(C)ccc3c(-c3cccc(N)c3)n2)cc1OC,0,CHEMBL4288237
170,EGFR,O=C(Nc1ccc(Oc2ncnc3ccsc23)c(F)c1)c1nn(-c2ccccc2)ccc1=O,0,CHEMBL4203822
171,BRAF-KRAS,COc1cc2c(Oc3ccc(NC(=O)c4c(C)n(-c5ccccc5)c(=O)n4C)cc3F)ccnc2cc1OCCCN1CCCC1,0,CHEMBL3593681
172,BRAF-KRAS,COc1cc(CCc2ccco2)cc(OC)c1OC,0,CHEMBL75280
173,EGFR,Nc1cc(C(F)(F)F)c(-c2cc(N3CCOCC3)nc(N3C[C@@H]4OCCO[C@H]4C3)n2)cn1,0,CHEMBL4446205
174,BRAF-KRAS,c1coc(CNc2nc(NCCCCN3CCOCC3)nc3ccccc23)c1,0,CHEMBL1684616
175,EGFR,COc1ccc2c(N(CC3CC3)c3cc(OC)c(OC)c(OC)c3)n[nH]c2n1,0,CHEMBL4754333
176,EGFR,COc1ccc(-c2nn(-c3ccccc3)cc2-c2nc3cc(Br)ccc3[nH]2)cc1,0,CHEMBL3613547
177,KRAS,COc1cc(C(=O)c2nc(N3CCCC3)nc3cc(C)sc23)cc(OC)c1OC,0,CHEMBL5188844
178,EGFR,N#Cc1c(-c2ccc(Cl)cc2)nc2c(/N=N/c3ccc(S(N)(=O)=O)cc3)c(N)nn2c1N,0,CHEMBL4741017
179,EGFR,COc1ccc(S(=O)(=O)Nc2cc(-c3c(O)ccc4ccccc34)c(O)c3ccccc23)cc1,0,CHEMBL3392776
180,BRAF-KRAS,CCCOC(=O)[C@]12CCC(C)(C)C[C@H]1C1=CC[C@@H]3[C@@]4(C)C[C@@H](O)[C@H](O)C(C)(C)[C@@H]4CC[C@@]3(C)[C@]1(C)CC2,0,CHEMBL3086599
181,KRAS,COc1cc(/C=C/C(C)=O)ccc1O,0,CHEMBL106509
182,EGFR,CCOC(=O)c1cc2c(n1Cc1ccc(C)cc1)-c1[nH]c(=O)c(S(=O)(=O)c3ccccc3)cc1CC2,0,CHEMBL1173676
183,EGFR,C=CC(=O)N1CCN(c2nc(=O)n(-c3ccccc3C(C)C)c3cc(-c4ccccc4Cl)c(Cl)cc23)[C@@H](C)C1,0,CHEMBL4454645
184,KRAS,c1ccc2c(c1)CCN1c3nc4ccccc4nc3N(CCN3CCOCC3)CC21,0,CHEMBL4756714
185,EGFR,CCc1c(C(=O)NC(CO)Cc2ccccc2)[nH]c2ccc(Br)cc12,0,CHEMBL4213991
186,EGFR,COc1cc(-c2csc(=S)n2Cc2ccc(O)cc2)cc(OC)c1OC,0,CHEMBL4459633
187,EGFR,C=C(COC1=C(Cl)C(=O)c2ccccc2C1=O)[C@@H]1CC[C@]2(COC(C)=O)CC[C@]3(C)[C@H](CC[C@@H]4[C@@]5(C)CC[C@H](OC(C)=O)C(C)(C)[C@@H]5CC[C@]43C)[C@@H]12,0,CHEMBL4458328
188,EGFR,COC(=O)c1c(N)sc(-c2ccc(Cl)cc2)c1-c1ccc(Cl)cc1,0,CHEMBL2385517
189,KRAS,COc1cc2c(cc1OC)CN(CCc1ccc(NC(=O)c3cc(OC)c(OC)cc3NC(=O)c3cnc4ccccc4c3)cc1)CC2,0,CHEMBL348475
190,EGFR,COc1cc(/C=C(/C(=O)NCc2cc3c([nH]c4ccccc43)c(-c3cccc(F)c3)n2)c2cc(OC)c(OC)c(OC)c2)ccc1OC(C)=O,0,CHEMBL4447380
191,EGFR,CCCCn1c2ccccc2c2cc(C(=O)OCC)nc(-c3cc(OC)c(OC)c(OC)c3)c21,0,CHEMBL491653
192,EGFR,COC(C)(C)CCC[C@@](C)(O)[C@H]1CC[C@]2(C)[C@@H]1C(=O)C[C@@H]1[C@@]3(C)CC[C@H](O)C(C)(C)[C@@H]3CC[C@]12C,0,CHEMBL4517078
193,EGFR,C=CC(C)(O)CC[C@@H]1C(=C)CC[C@H](Br)[C@@]1(C)CCC(Br)C(C)(C)O,0,CHEMBL3577685
194,EGFR,CO[C@@H]1N(OC)c2ccccc2[C@@]12CN=C(SC)S2,0,CHEMBL466267
195,EGFR,COc1cccc2c1C(=O)c1ccc3c(c1C2O)C(=O)C[C@](C)(O)C3,0,CHEMBL3633269
196,KRAS,COc1ccc(C(=O)C[n+]2cn(C(c3ccccc3)c3cc4ccccc4o3)c3ccccc32)cc1.[Br-],0,CHEMBL2335332
197,EGFR,O=C(Nc1ccc(Oc2ccnc3[nH]ccc23)c(F)c1)c1nccc(-c2ccc(Cl)cc2)n1,0,CHEMBL3775494
198,EGFR,Cn1nc(-c2ccncc2)nc2c(=O)n(C)c(=O)nc1-2,0,CHEMBL1316847
199,KRAS,N#CN/C(=N\CCCCCCOc1ccc([N+](=O)[O-])cc1)Nc1ccncc1,0,CHEMBL104608
200,EGFR,O=C1Nc2c(C(F)(F)F)cccc2[C@@]1(c1ccc(O)cc1)N1CC(F)(F)C(F)(F)C1,1,CHEMBL5182714
201,EGFR,Cc1ccc(-c2cc(Nc3nnc(-c4ccc(O)cc4)s3)cs2)cc1,0,CHEMBL3286477
202,KRAS,CC(C)C[C@@H]1NC(=O)[C@]2(CSC3=C2C(=O)c2ccccc2C3=O)NC1=O,0,CHEMBL387320
203,BRAF-KRAS,C=C(Br)C(=O)Nc1cccc(/C=C/C(=O)Nc2ccc(OC(F)(F)F)cc2)c1,0,CHEMBL3290421
204,EGFR,Cc1cc(C)c(CNC(=O)c2cc(-c3ccc(N4CCN(C(=O)CCCCCCCC(=O)N[C@H](C(=O)N5C[C@H](O)C[C@H]5C(=O)NCc5ccc(-c6scnc6C)cc5)C(C)(C)C)CC4)nc3)cc3c2cnn3C(C)C)c(=O)[nH]1,0,CHEMBL5189599
205,EGFR,CCOC(=O)c1cnc2ccc(-c3cnc(OC)c(NS(=O)(=O)c4ccc(F)cc4)c3)cn12,0,CHEMBL4215272
206,KRAS,COc1cc2ncc(C#N)c(Nc3ccc(F)c(Cl)c3)c2cc1OC,0,CHEMBL109372
207,KRAS,O=C(CCCCCCC(=O)Nc1ccc(CCCn2cc(-c3ncnc4[nH]ccc34)cn2)cc1)NO,0,CHEMBL4091233
208,KRAS,Cn1ncc(-c2ccc3c(=O)[nH]nc(CN)c3c2)c1-c1c(F)ccc(OC2CC2)c1C#N,0,CHEMBL5076766
209,EGFR,O=C1c2ccccc2OCC1Cc1ccc(O)cc1,0,CHEMBL1766623
210,EGFR,COc1ccc2c3ccnc(C)c3n(CCCCOc3ccc4c5ccnc(C)c5n(CCCc5ccccc5)c4c3)c2c1.Cl,0,CHEMBL4169061
211,EGFR,COc1cc(-c2n[nH]c3ncc(-c4ccccc4N)cc23)cc(OC)c1OC,0,CHEMBL4475279
212,EGFR,CCCCSc1ccc2c(cc1=O)[C@@H](N)CCc1cc(OC)c(OC)c(OC)c1-2,0,CHEMBL4284332
213,EGFR,COc1ccc(CN(C(=O)CSc2nc3ccccc3o2)c2cc(OC)c(OC)c(OC)c2)cc1,0,CHEMBL4278800
214,BRAF-KRAS,CN(C)Cc1ccc2nc(NC(=O)N/N=C/c3ccc(OCc4cccc(Cl)c4)cc3O)sc2c1,0,CHEMBL3330090
215,EGFR,CCCCCC(=O)N1CCN(c2nnc3nncn3n2)CC1,0,CHEMBL3808790
216,BRAF-KRAS,COc1ccc(-c2nccc3c4ccccc4n(CCCCOc4ccc5c6ccnc(C)c6n(CCCc6ccccc6)c5c4)c23)cc1.Cl,0,CHEMBL4177326
217,KRAS,CC(C)(C)c1[nH]cnc1/C=c1\[nH]c(=O)/c(=C/c2cccc(Oc3ccccc3)c2)[nH]c1=O,1,CHEMBL4634915
218,KRAS,CC(=O)SCC(=O)c1ccc(NS(=O)(=O)c2ccc(OCCCN(C)C)cc2)nc1,0,CHEMBL488583
219,KRAS,COc1ccc(C2=N[C@@H](c3ccc(Cl)cc3)[C@@H](c3ccc(Cl)cc3)N2C(=O)N2CCNC(=O)C2)c(OC(C)C)c1,0,CHEMBL191334
220,EGFR,CN(C)C/C=C/C(=O)Nc1cccc(Nc2nc(N/N=C/c3cn(Cc4ccccc4)c4ccccc34)ncc2Cl)c1,0,CHEMBL3741219
221,KRAS,COc1ccc(-c2cn3ccnc(-c4cc(OC)c(OC)c(OC)c4)c3n2)cc1O,1,CHEMBL5172940
222,EGFR,O=C1c2c(O)ccc(O)c2C(=O)c2c(NCCNCCO)ccc(NCCNCCO)c21,1,CHEMBL58
223,BRAF-KRAS,CC/C=N/c1c(C#N)c2n(c1C(=O)Nc1ccccc1)CCCC2,0,CHEMBL4547592
224,EGFR,C=CC[C@]12OCC3C[C@@]4(Oc5ccccc5C(=O)C4=C[C@@H]31)C2=O,0,CHEMBL259079
225,EGFR,O=c1c2ccccc2[se]n1-c1nnc(-c2cccc([N+](=O)[O-])c2)s1,0,CHEMBL2022879
226,KRAS,Cl.O=C(Nc1ccc(C2=NCCN2)cc1)c1sc2ccsc2c1Cl,0,CHEMBL2071168
227,KRAS,C=C1C(=O)O[C@H]([C@@H]2C(=O)C=C[C@@]2(C)O)[C@H]1CCC(C)=O,0,CHEMBL446076
228,EGFR,CCn1c(-c2nonc2N)nc2c(C#CC(C)(C)O)ncc(OC[C@H]3CCCNC3)c21,1,CHEMBL494089
229,EGFR,COc1cc(-c2cc(=O)c3ccc(OCCn4c(C(F)(F)F)nc5ccccc54)cc3o2)cc(OC)c1OC,0,CHEMBL4292550
230,EGFR,CCC/C(=C\c1cc(OC)c(OC)c(OC)c1)C(=O)N1CCC=C(Br)C1=O,0,CHEMBL3298725
231,KRAS,CC1=C[C@@H]2/C=C(\C)CC[C@H](O)[C@H](O)/C=C/C(=O)O[C@]23C(=O)N[C@@H](CC(C)C)[C@@H]3[C@@H]1C,0,CHEMBL478599
232,BRAF-KRAS,CCN(CC)CCCCNc1ncc2cc(-c3c(Cl)cccc3Cl)c(NC(=O)Nc3ccccc3)nc2n1,0,CHEMBL56983
233,BRAF-KRAS,COc1ccc(-c2onc3nc(Nc4ccc(S(N)(=O)=O)cc4)sc23)cc1,0,CHEMBL4060414
234,KRAS,CCOP(=O)(OCC)C(NC(=O)c1cc(O)c2c(c1)C(=O)c1cccc(O)c1C2=O)c1ccc(C)cc1,0,CHEMBL3104796
235,KRAS,COc1cc(-c2ncccc2NCc2cccc(N)c2)cc(OC)c1OC,0,CHEMBL5218538
236,EGFR,CCN(CC)CCOc1ccc(C(=C(C#N)c2ccccc2)c2ccc(OCCN(CC)CC)cc2)cc1,1,CHEMBL68236
237,KRAS,O=C(CCCCCCC(=O)Nc1ccccc1)NO,0,CHEMBL98
238,BRAF-KRAS,CC[C@@]1(O)C(=O)OCc2c1cc1n(c2=O)Cc2c-1nc1ccccc1c2C1CCC1,0,CHEMBL559722
239,EGFR,NC(=O)c1cccc2cc(C(=O)N3CCN(c4nc(-c5cnc(N)nc5)nc(N5CCOCC5)n4)CC3)oc12,0,CHEMBL4744783
240,EGFR,O=C1Nc2ccccc2/C1=C1/Nc2ccccc2/C1=N\O,0,CHEMBL216543
241,KRAS,COc1cc(NC(=O)[C@H](Cc2ccccc2)NC(=O)[C@]2(C)CCC[C@]3(C)c4ccc(C(C)C)cc4/C(=N\O)C[C@@H]23)cc(OC)c1OC,0,CHEMBL3353105
242,BRAF-KRAS,CC(=O)O[C@H]1C[C@]2(C)[C@H]3CC[C@@H]4[C@H]5[C@H](C(C)=O)CC[C@]5(C(=O)Nc5cncc6ccccc56)CC[C@@]4(C)[C@]3(C)CC[C@H]2C(C)(C)[C@H]1OC(C)=O,0,CHEMBL4795748
243,EGFR,O=C1Nc2ccc(Br)cc2C12N(c1ccccc1)N=C(c1ccccc1)N2c1ccc(F)c(Cl)c1,0,CHEMBL4163098
244,EGFR,COc1cc2c(c(O)c1C(=O)CCc1ccc(O)cc1)CC(C(C)(C)O)O2,0,CHEMBL2337359
245,EGFR,Cl.N=c1c2c(=S)n(-c3ccccc3)c(=S)n(-c3ccccc3)c2nc(NCCc2ccc(Cl)cc2)n1-c1ccccc1,0,CHEMBL2443287
246,KRAS,C[C@@H]1C[C@@]2(NCCS2)[C@]2(O)O[C@@H]3C[C@@]4(C=O)[C@@H](CC[C@@H]5[C@@H]4CC[C@]4(C)[C@@H](C6=CC(=O)OC6)CC[C@]54O)C[C@H]3O[C@@H]2O1,1,CHEMBL360322
247,KRAS,CC[C@H](C)[C@@H]1NC(=O)[C@H](Cc2ccccc2)NC(=O)[C@@H]2CCCN2C(=O)[C@H](Cc2ccccc2)NC(=O)[C@@H]2CCCN2C(=O)[C@H](CCC(N)=O)NC(=O)[C@@H]2CCCN2C(=O)[C@H](Cc2ccccc2)NC1=O,0,CHEMBL444775
248,EGFR,COc1cc(OC)c(-c2cn3ccc(N4CCN(c5nccc(N6CCC(=O)CC6)n5)CC4)cc3n2)cc1Cl,0,CHEMBL4591094
249,EGFR,Cn1c(=O)c(=O)n(C2CCCC2)c2nc(N/N=C/c3cccc([N+](=O)[O-])c3)ncc21,0,CHEMBL4649616
250,EGFR,CN[C@@H]1C[C@H]2O[C@@](C)([C@@H]1OC)n1c3ccccc3c3c4c(c5c6ccccc6n2c5c31)C(=O)NC4,1,CHEMBL388978
251,BRAF-KRAS,Cc1ccc([C@@H]2[C@H]3CSCN3C3(C(=O)c4ccccc4C3=O)[C@]23CSc2ccccc2C3=O)cc1,0,CHEMBL4760400
252,EGFR,c1cc2c(cn1)Oc1ccc3cc1N2CCCCCNCCCCO3,0,CHEMBL5199618
253,EGFR,COc1cc(/C=C/C(=O)/C=C(O)/C=C/c2ccc(O)c(OC)c2)ccc1O,0,CHEMBL116438
254,EGFR,Cc1ccc2cc(C(C)C)c(O)cc2c1CC[C@H]1OC(C)(C)OC1(C)C,0,CHEMBL4594115
255,EGFR,CC[C@H]1CC[C@H]2[C@@H]3CCc4cc(O)c(OC)cc4[C@H]3CC[C@]12C,0,CHEMBL594568
256,KRAS,CCCN(Cc1ccccc1)Cc1ccc(/C=C/C(=O)NO)o1,0,CHEMBL2413317
257,EGFR,NC1=C(c2nnn[nH]2)C(c2ccccc2Cl)c2c(ccc3ccccc23)O1,0,CHEMBL4476188
258,EGFR,CC(=O)O[C@H]1C(=O)[C@@]2(C)[C@H]([C@H](OC(=O)c3ccccc3)[C@]3(O)C[C@H](OC(=O)[C@H](O)[C@@H](NC(=O)c4ccccc4)c4ccccc4)C(C)=C1C3(C)C)[C@]1(OC(C)=O)CO[C@@H]1C[C@@H]2O,0,CHEMBL428647
259,EGFR,COc1c2occc2c(OC)c2c(=O)c(C3=NN(c4ccccc4)C(c4ccc(F)cc4)C3)c(C)oc12,1,CHEMBL4065833
260,EGFR,CNc1ccc2c(cc1=O)[C@@H](N1CCOC1=S)CCc1cc(OC)c(OC)c(OC)c1-2,1,CHEMBL4854459
261,EGFR,CC(C)(C)n1cc2c(n1)C(=O)CC1(CCN(C(=O)c3cc(-c4ccccn4)nc4ccccc34)CC1)O2,0,CHEMBL4779539
262,EGFR,COc1ccc(-c2c[nH]cc2-c2cc(OC)c(OC)c(OC)c2)cc1,1,CHEMBL4744885
263,EGFR,O=C(N[C@@H](CC1CCCCC1)C(=O)Nc1ccc(Br)cc1)c1cc(Cl)ccc1O,0,CHEMBL2425562
264,EGFR,CC(=O)O[C@H]1C(=O)[C@@]2(C)[C@H]([C@H](OC(=O)c3ccccc3)[C@]3(O)C[C@H](OC(=O)[C@H](O)[C@@H](NC(=O)c4ccccc4)c4ccccc4)C(C)=C1C3(C)C)[C@]1(OC(C)=O)CO[C@@H]1C[C@@H]2O,1,CHEMBL428647
265,KRAS,Cc1ccc(NC(=O)c2ccc(CN3CCN(C)CC3)cc2)cc1Nc1nccc(-c2cccnc2)n1,0,CHEMBL941
266,EGFR,O=C1c2ccc3c(c2O[C@@H]2COc4cc5c(cc4[C@@]12O)OCO5)OCO3,0,CHEMBL3758221
267,EGFR,COc1ccc(C(c2ccccc2O)c2cccc3ccccc23)c(OC)c1OC,0,CHEMBL4796260
268,EGFR,CCCCCC[C@@H](O)CCC[C@@H](O)[C@H]1CC[C@H]([C@H]2CC[C@H]([C@H](O)CCCCCCCCCCCCC3=C[C@@H](C)OC3=O)O2)O1,1,CHEMBL452936
269,EGFR,COc1ccc(N(C)c2nc(C)nc3oc(C)cc23)cc1.Cl,1,CHEMBL3298000
270,BRAF-KRAS,C[C@@H]1CC[C@]2(C(=O)O)CC[C@]34C[C@]3(C=C[C@@H]3[C@@]5(C)C[C@@H](O)[C@@H](O)C(C)(C)[C@@H]5CC[C@]34C)[C@@H]2[C@]1(C)O,0,CHEMBL1270356
271,EGFR,COc1cccc(/C=C/C(=O)c2cccc(-n3cc(COc4cc(=O)oc5ccccc45)nn3)c2)c1OC,0,CHEMBL3325934
272,EGFR,O=C(O)CCSC(CC(=O)c1ccccc1)c1ccccc1,0,CHEMBL1819228
273,EGFR,C/C(=C\c1ccc2c(ccn2C)c1)C(=O)c1cc(C)nc2ccccc12,0,CHEMBL4588464
274,BRAF-KRAS,COc1cc(-c2nnc3n2N=C(c2cccc(Br)c2)CS3)cc(OC)c1OC,0,CHEMBL4760715
275,EGFR,CC(=O)O[C@H]1C(=O)[C@@]2(C)[C@H]([C@H](OC(=O)c3ccccc3)[C@]3(O)C[C@H](OC(=O)[C@H](O)[C@@H](NC(=O)c4ccccc4)c4ccccc4)C(C)=C1C3(C)C)[C@]1(OC(C)=O)CO[C@@H]1C[C@@H]2O,0,CHEMBL428647
276,EGFR,C=C1C(=O)[C@]23[C@H](OC(=O)[C@H](CCSC)NC(=O)OC(C)(C)C)[C@H]1C[C@H](O)[C@H]2[C@]1(COC(C)=O)CCCC(C)(C)[C@H]1C[C@H]3OC,0,CHEMBL4573421
277,EGFR,O=C(NCCCCC(c1ccccc1)c1ccccc1)Nc1ccc(Cl)c(C(F)(F)F)c1,0,CHEMBL4785011
278,EGFR,COc1cc(O)c2c(c1O)C/C(C(OC(C)=O)OC(C)=O)=C\CC[C@@]1(C)O[C@@H]1C2=O,0,CHEMBL4175771
279,EGFR,CC(C)(C)/[N+]([O-])=C/c1cn(CCC(F)(F)C(F)(F)C(F)(F)C(F)(F)C(F)(F)C(F)(F)C(F)(F)C(F)(F)F)nn1,0,CHEMBL3260141
280,EGFR,CN1CCN(CCCCCNc2cc3c4c(c(NCCCCCN5CCN(C)CC5)cc5c4c2C(=O)N(CCCCCN2CCN(C)CC2)C5=O)C(=O)N(CCCCCN2CCN(C)CC2)C3=O)CC1,0,CHEMBL1269247
281,EGFR,COc1ccc(/C=C2\CCC=CC2=O)c(C)c1,0,CHEMBL4797848
282,BRAF-KRAS,Cc1ccc(CCC(=O)Nc2c(Cl)n(CC#Cc3cccc(N)c3)c(=O)n(C)c2=O)cc1,0,CHEMBL5200016
283,EGFR,CO[C@@H]1O[C@]2(OC)C[C@@](C)(O)[C@H]3C[C@@]4(C)CC[C@H]([C@@H](C)/C=C\C=C(C)C)[C@@H]4C/C=C/1[C@@H]32,0,CHEMBL4161664
284,EGFR,C/C=C/c1ccc(Nc2ncnc3cc(OCc4ccccc4)c(OCc4ccccc4)cc23)cc1,0,CHEMBL4213001
285,EGFR,CC(C)(C)OC(=O)n1cc(CNC(=S)NC2CCCCC2)c2ccccc21,0,CHEMBL2442588
286,EGFR,CN[C@@H](C)C(=O)N[C@H](C(=O)N1CC[C@H]2CC[C@H](NC(=O)c3ccc(C)c4ccccc34)[C@H]21)C(C)(C)C,0,CHEMBL514911
287,EGFR,COc1cccc2c1C(=O)c1c(O)c3c(c(O)c1C2=O)C[C@@](O)(C(=O)CO)C[C@@H]3O[C@H]1C[C@H](N)[C@H](O)[C@H](C)O1,1,CHEMBL53463
288,KRAS,CCc1cc2ncc(CN3CC4CN(c5ccc(C(=O)NC)nc5)CC4C3)cc2[nH]c1=O,1,CHEMBL5180001
289,EGFR,Cc1ccc2nc(C)n(NC(=O)CC#N)c(=O)c2c1,0,CHEMBL2037410
290,BRAF-KRAS,COc1ccc(CCN2C=CC=C3C2=Nc2ccccc2OS3(=O)=O)cc1,1,CHEMBL458673
291,BRAF-KRAS,Cc1cc(OS(=O)(=O)c2ccc(N3CCNC3=O)cc2)ccc1[N+](=O)[O-],0,CHEMBL1800100
292,EGFR,CC1=CC(=O)[C@H]2/C(C=O)=C\C[C@H]3[C@@H]([C@@H](C)/C=C/C(=O)OCCCCCCCCOC(=O)CC45CC6CC(CC(C6)C4)C5)CC[C@]3(C)C[C@H]12,0,CHEMBL5092729
293,KRAS,O=C1c2nccnc2C(=O)N1CCCC1OCC2(CO1)COC(CCCN1C(=O)c3nccnc3C1=O)OC2,0,CHEMBL4097759
294,KRAS,COc1cc(NCc2ccc(/C=C/C(=O)Nc3ccccc3N)cn2)cc(OC)c1OC,0,CHEMBL214271
295,KRAS,Nc1ccc2c(c1)Nc1c3ccccc3nc3cccc-2c13,1,CHEMBL41700
296,EGFR,Brc1ccc2c(c1)-c1nc3cc(Br)ccc3n1CCO2,0,CHEMBL3401253
297,EGFR,CN(C)CCNC(=O)c1cc(-c2ccc(F)cc2)nc2c3c(ccc12)CCCC3,0,CHEMBL4519702
298,KRAS,CC(=O)Oc1c(Cl)cc(Cl)c2ccc(/C=C/c3cccc(C#N)c3)nc12,0,CHEMBL4462274
299,KRAS,COc1cc2c(c(OC)c1OC)-c1ccc(OC)c(=O)cc1[C@@H](NC(C)=O)CC2,1,CHEMBL107
300,EGFR,C[C@H]1[C@@H](OCC[C@@H](CO[C@H]2O[C@@H]3O[C@@]4(C)CC[C@H]5[C@H](C)CC[C@@H]([C@H]2C)[C@@]35OO4)O[C@H]2O[C@@H]3O[C@@]4(C)CC[C@H]5[C@H](C)CC[C@@H]([C@H]2C)[C@@]35OO4)O[C@@H]2O[C@@]3(C)CC[C@H]4[C@H](C)CC[C@@H]1[C@@]24OO3,1,CHEMBL593974
301,BRAF-KRAS,COc1cc2c(Oc3ccc(NC(=O)c4nccc(-c5ccccc5)n4)cc3F)ccnc2cc1OCCCN1CCCC1,0,CHEMBL2435963
302,EGFR,CC(=O)Oc1ccc(C(=O)Nc2cc3ccc(Oc4ccc(C(C)(C)C)cc4)c(C)c3oc2=O)cc1CC=C(C)C,0,CHEMBL1923710
303,BRAF-KRAS,Cc1ccc(NC(=O)NC(=O)c2ccc(OCc3cccc(C(F)(F)F)c3)cc2)cc1-c1nc2ccccc2[nH]1,0,CHEMBL3742026
304,EGFR,CC[C@H](C)[C@H]1C(=O)N[C@@H](C)C(=O)N(C)[C@@H](CC(C)C)C(=O)N[C@@H](Cc2ccc(OC)cc2)C(=O)N(C)[C@H](C)C(=O)O[C@H](C)[C@H](N(C)C(=O)[C@H](CC(C)C)N(C)C(=O)[C@H](C)N(C)C(=O)[C@H](OC(=O)[C@H](C(C)C)N(C)C)C(C)C)C(=O)N(C)[C@@H](C)C(=O)N1C,1,CHEMBL4210516
305,EGFR,O=C(Nc1ccc(Oc2ccnc3[nH]ccc23)c(F)c1)c1cn(-c2ccc(Br)cc2F)c2ncccc2c1=O,0,CHEMBL5189792
306,KRAS,COc1ccc2c(c1)c(CO)c1n2CCN2C(=O)c3cc(C)ccc3N(C)C12,0,CHEMBL4471273
307,EGFR,CC1(C)OC2=C(C(=O)C(=O)c3ccccc32)C1O,0,CHEMBL478526
308,BRAF-KRAS,CCOC(=O)N1CCN(/[N+]([O-])=N/Oc2cc(O/N=[N+](\[O-])N3CCN(C(=O)N(CC)CC)CC3)c([N+](=O)[O-])cc2[N+](=O)[O-])CC1,0,CHEMBL449926
309,EGFR,Cn1ccc2cc(Nc3ncc(C(F)(F)F)c(N[C@H]4CC[C@@H](N)CC4)n3)ccc2c1=O,0,CHEMBL5089164
310,EGFR,Cc1cc2c(C(C)C)c(O)c(O)c(C=O)c2c(O)c1-c1c(C)cc2c(C(C)C)c(O)c(O)c(C=O)c2c1O,0,CHEMBL51483
311,EGFR,C[C@@H]1CCC2[C@@H](C)[C@@H](CCC(=O)NCc3ccccc3)O[C@@H]3O[C@]4(C)CC[C@@H]1[C@@]23OO4,0,CHEMBL585517
312,EGFR,FC(F)(F)c1ccc([C+](c2c[nH]c3ccccc23)c2c[nH]c3ccccc23)cn1.[Cl-],0,CHEMBL4870520
313,EGFR,CN1C/C(=C\c2ccc(N(C)C)cc2[N+](=O)[O-])C(=NO)/C(=C/c2ccc(N(C)C)cc2[N+](=O)[O-])C1,1,CHEMBL4476547
314,KRAS,CC(C)Cc1ccc(C(C)C(=O)NCCC[Se]C#N)cc1,0,CHEMBL4788461
315,EGFR,Cc1cn(CCOC(=O)[C@]23CCC(C)(C)C[C@H]2C2=CC[C@@H]4[C@@]5(C)CC[C@H](O)C(C)(C)[C@@H]5CC[C@@]4(C)[C@]2(C)CC3)c(=O)n(CCOC(=O)[C@]23CCC(C)(C)C[C@H]2C2=CC[C@@H]4[C@@]5(C)CC[C@H](O)C(C)(C)[C@@H]5CC[C@@]4(C)[C@]2(C)CC3)c1=O,0,CHEMBL3818516
316,EGFR,COc1cc(C2C(C#N)=C(N)Oc3cc(N)ccc32)cc2c1OCO2,0,CHEMBL373355
317,EGFR,COc1ccc(/C=N/NC(=S)Nc2ccc(C(=O)NCCc3c(C)[nH]c4ccccc34)cc2)nc1,0,CHEMBL4791703
318,EGFR,O=C(c1ccccc1)N1Cc2ccccc2C(c2ccccc2)c2ccccc21,0,CHEMBL468696
319,KRAS,O=C1c2ccccc2C(=O)c2c(-c3ccccc3[N+](=O)[O-])coc21,0,CHEMBL4163035
320,EGFR,COc1cc([C@@H]2c3cc4c(cc3[C@H](OC(=O)CN3CCN(c5cccc(C(F)(F)F)c5)CC3)[C@H]3COC(=O)[C@H]23)OCO4)cc(OC)c1OC,0,CHEMBL4087296
321,EGFR,Cc1cc2c(c(=O)o1)C(c1cccs1)C(C#N)=C(N)O2,0,CHEMBL1449809
322,EGFR,COC(=O)c1ccc(N(C)c2c3ccccc3nc3c2c(C)nn3C)cc1,0,CHEMBL254721
323,EGFR,C=CCNC(=O)[C@]12CCC(C)(C)C[C@H]1C1=CC[C@@H]3[C@@]4(C)C[C@@H](O)[C@H](O)C(C)(C)[C@@H]4CC[C@@]3(C)[C@]1(C)CC2,0,CHEMBL3086595
324,EGFR,COC[C@@H]1C(=O)N(c2cc(OC)c(OC)c(OC)c2)[C@H]1c1ccc(OC)c(O)c1,1,CHEMBL4789474
325,EGFR,Cc1ccnc(NS(=O)(=O)c2ccc(N/C(S)=N\c3ccnc4cc(C(F)(F)F)ccc34)cc2)n1,0,CHEMBL2435717
326,EGFR,CCC[S+]([O-])CCCCN=C=S,0,CHEMBL2391455
327,EGFR,CCOC(=O)[C@]1(C)CCC[C@@]2(C)[C@@H]3CC[C@@]4(C)C[C@]3(CC[C@@H]21)[C@H](Cn1cc(COC(=O)[C@]2(C)CCC[C@@]3(C)[C@@H]5CC[C@@]6(C)C[C@]5(CC[C@@H]32)CC6=O)nn1)[C@H]4O,0,CHEMBL4281059
328,EGFR,COc1cc(C(=O)c2cccc(-c3cccc(O)c3)n2)cc(OC)c1OC,1,CHEMBL4459194
329,EGFR,CC(=O)O[C@H]1CC[C@]2(C)[C@H]3CC=C4[C@@H]5CC(C)(C)CC[C@]5(C(=O)NCCN)CC[C@@]4(C)[C@]3(C)CC[C@H]2C1(C)C,0,CHEMBL4442632
330,EGFR,Nc1nc2c3ccc(NCCO)cc3nc(Cc3ccc4c(c3)OCO4)n2n1,0,CHEMBL3309998
331,EGFR,COc1cc2cc(c1Cl)N(C)C(=O)CC(OC(=O)[C@H](C)N(C)C(=O)CCSSCCC(=O)N(C)[C@@H](C)C(=O)OC1CC(=O)N(C)c3cc(cc(OC)c3Cl)C/C(C)=C/C=C/C(OC)C3(O)CC(OC(=O)N3)C(C)C3OC13C)C1(C)OC1C(C)C1CC(O)(NC(=O)O1)C(OC)/C=C/C=C(\C)C2,1,CHEMBL413839
332,EGFR,CCCCSc1ccc2c3c(cccc13)C(=O)N(CCN(C)C)C2=O,0,CHEMBL455014
333,EGFR,C=CCCCCCC/C=C\C[C@H](O)[C@H](C)N,0,CHEMBL2417948
334,KRAS,CC1=C/C(=C/c2sc3ccccc3[n+]2C)N=C2Sc3cc(OCCO)ccc3N12.[O-][Cl+3]([O-])([O-])[O-],0,CHEMBL596136
335,EGFR,C=C1C(=O)[C@@]23CC[C@H](C4(C)CO4)[C@@](C)(CCC(=O)O)[C@@H]2CC[C@H]1C3,0,CHEMBL3585632
336,BRAF,COc1ccc(/C=C/c2nc3ccccc3c(=O)n2-c2ccc(C#Cc3ccc(C(C)(C)C)cc3)cc2C)cc1O,0,CHEMBL3218598
337,EGFR,C=C(C)[C@@H]1CC[C@]2(C(=O)O)CC[C@]3(C)[C@H](CC[C@@H]4[C@@]5(C)CCC(=O)C(C)(C)[C@@H]5CC[C@]43C)[C@@H]12,0,CHEMBL431525
338,KRAS,CCCn1nnc2c1C(=O)c1cnncc1C2=O,0,CHEMBL258925
339,EGFR,C[S+]([O-])/C=C/c1cc(=O)c2cc(OC(=O)C(C)(C)C)ccc2o1,0,CHEMBL4871647
340,EGFR,COc1ccc(OC)c(Sc2ccc([N+](=O)[O-])cc2/C=N/NC(=N)N)c1,0,CHEMBL492923
341,EGFR,Oc1ccc(NCc2cc(Cl)ccc2OCc2ccccc2F)cc1,0,CHEMBL3133556
342,KRAS,CC(=O)O[C@@H]1[C@@H](O)[C@@H](OC(C)=O)[C@H](OC[C@@H]2[C@@H](O)C[C@H](O)[C@]3(C)[C@H]4CC=C5[C@H]6C[C@](C)(C(=O)O)CC[C@]6(C)CC[C@@]5(C)[C@]4(C)CC[C@@H]23)O[C@H]1C,0,CHEMBL557340
343,EGFR,COc1cccc(CCN2C(=O)C(=O)c3cc(Br)cc(Br)c32)c1,0,CHEMBL406512
344,EGFR,CC(C)(O)[C@@H]1CC[C@]2(C)[C@H](CC[C@@]3(C)[C@H]2CC[C@H]2Cc4c([nH]c5ccccc45)[C@@]23C)O1,0,CHEMBL2408947
345,EGFR,Cn1cncc1[C@@](N)(c1ccc(Cl)cc1)c1ccc2c(c1)c(-c1cccc(Cl)c1)cc(=O)n2C,0,CHEMBL289228
346,EGFR,CC(=O)C1=C(c2ccccc2)C(=O)c2ccccc2C1=O,0,CHEMBL473330
347,EGFR,CN1CCN(CCCNc2cccc(-c3ncc(-c4ccc5ccc(-c6cnc(-c7cccc(NCCCN8CCN(C)CC8)c7)o6)cc5c4)o3)c2)CC1,0,CHEMBL2425054
348,KRAS,NS(=O)(=O)c1ccc(Nc2ncc3c(n2)-c2ccsc2CC3)cc1,0,CHEMBL1085654
349,EGFR,CC(C)c1ccccc1OS(=O)(=O)c1ccc(NC(=O)C(C)(C)C)cc1,0,CHEMBL4282005
350,EGFR,CCC(=O)Nc1nc2ccc(-c3ccc4nc(CN5CCOCC5)n(C)c(=O)c4c3)cc2[nH]1,0,CHEMBL4783531
351,EGFR,N.Nc1nc(O)c2ncn(C[C@H]3O[C@H](P(=O)(O)O)C[C@@H]3O)c2n1,0,CHEMBL104479
352,EGFR,O=C(c1ccc(Cc2ccccc2)cc1)C1CCN(C(=O)c2cc(O)ccc2F)CC1,0,CHEMBL4798508
353,EGFR,CCN(CC)CCNC(=O)c1c(C)[nH]c(/C=C2\C(=O)Nc3ccc(-c4nccc5ccccc45)cc32)c1C,0,CHEMBL3732259
354,EGFR,C#CCNC(=O)c1cn2c(n1)sc1cc(OC)ccc12,0,CHEMBL4090867
355,EGFR,O=C(Nc1ccc(Nc2n[nH]c(=O)c3ccccc23)cc1)Nc1ccc(Cl)c(C(F)(F)F)c1,0,CHEMBL4794671
356,EGFR,COc1cc(N2C(=O)[C@@H](Oc3ccccc3)[C@H]2c2cccc3ccccc23)cc(OC)c1OC,0,CHEMBL3758621
357,KRAS,O=C(Cn1c(CSc2ccccc2)nc2ccccc21)NN=Cc1cc(Br)ccc1O,0,CHEMBL2018977
358,KRAS,O=C1/C(=C/c2ccccc2)CN(C(=O)CCC(=O)N2C/C(=C\c3ccccc3)C(=O)/C(=C/c3ccccc3)C2)C/C1=C\c1ccccc1,0,CHEMBL2012927
359,KRAS,COc1cc([C@@H]2c3cc4c(cc3[C@@H](Nc3cccc5cc6ccccc6cc35)[C@H]3COC(=O)[C@H]23)OCO4)cc(OC)c1OC,0,CHEMBL1288629
