,pChEMBL Value,Smiles,Molecule ChEMBL ID,Label,Standard Type
0,0.0,COc1cc2c(N3CCN(C(=S)SCc4cccnc4)CC3)ncnc2cc1OCCCN1CCCCC1,CHEMBL4456571,MCF-7,IC50
1,0.0,FC(F)(F)c1ccccc1-c1nc2ccc(Nc3ccnc4ccccc34)cc2[nH]1,CHEMBL3323606,MCF-7,IC50
2,0.0,C[C@@]12CC[C@@H]3[C@@](CC[C@H]4[C@@]3(C)CCC[C@@]4(C)C(=O)OCC[N+](C)(C)CCCCCCCCCCCC[N+](C)(C)CCOC(=O)[C@]3(C)CCC[C@@]4(C)[C@@H]5CC[C@@]6(C)C[C@]5(CC[C@@H]43)CC6=O)(CC1=O)C2.[Br-].[Br-],CHEMBL3220804,MCF-7,IC50
3,0.0,CCCCCCCCCCn1cc(/C=C/C(=O)c2ccc(N)cc2)nn1,CHEMBL4632542,MCF-7,IC50
4,0.0,COc1cccc2c1N(C(=O)CCn1c(C)[n+](Cc3ccc4ccccc4c3)c3ccccc31)C[C@@H]1Cc3ccccc3[C@H]21.[Br-],CHEMBL4441572,A549,IC50
5,0.0,CC1=C[C@@]2(C)C(=C(C)[C@H]3[C@@H]4C[C@H](C)C[C@H](C)[C@H]4[C@H]4Oc5ccc(cc5)C[C@]5(O)NC(=O)[C@]6(O[C@H]65)C(=O)[C@H]2[C@@H]43)[C@H]1C,CHEMBL4469905,MDA-MB-435,IC50
6,0.0,CC1(C)CCC[C@@](C)(O)[C@H]2CC[C@]3(C)[C@@H]2[C@@H](C[C@@H]2[C@@]4(C)CCC(=O)C(C)(C)[C@@H]4CC[C@]23C)O1,CHEMBL4545225,MCF-7,IC50
7,0.0,CC1(C)C=Cc2c(I)cc3oc(=O)cc(-c4ccccc4)c3c2O1,CHEMBL555143,MCF-7,IC50
8,0.0,CC(C)Cc1ccc(C(C)C(=O)NCCC[Se]C#N)cc1,CHEMBL4788461,MCF-7,IC50
9,1.0,COc1ccc(N(C)c2nc(C)nc3ccn(C)c23)cc1.Cl,CHEMBL4290881,MDA-MB-435,IC50
10,0.0,COc1cccc(C(=O)/C=C/c2cc(OC)c(OC)c(OC)c2)c1,CHEMBL187822,HT-29,IC50
11,0.0,COc1ccc(-c2cc3ccccc3nc2/C=C/C(=O)c2ccc(F)cc2)cc1,CHEMBL2313883,SK-BR-3,IC50
12,0.0,COc1ccc(-c2ccccc2C(=O)/C=C/c2ccc(Br)cc2)cc1OC,CHEMBL3393084,SW480,IC50
13,0.0,Cc1ccsc1CN(C(=O)Nc1ccccc1)n1cnnc1,CHEMBL4127181,A549,IC50
14,1.0,Oc1cccc(-c2cc(-c3cccs3)cc(-c3ccccc3Cl)n2)c1,CHEMBL3780888,T47D,IC50
15,0.0,CCOC(=O)[C@@H]1[C@@H](C(=O)c2ccccc2)C12C(=O)Nc1ccccc12,CHEMBL3628025,A549,IC50
16,0.0,O=C(Nc1ccc(Cl)c(-c2nnc3c(Cl)cccn23)c1)c1c(F)cccc1Cl,CHEMBL4636761,A549,IC50
17,0.0,COc1ccc2ccccc2c1S(=O)(=O)Nc1ccc2[nH]c3ccncc3c2c1,CHEMBL1289241,A549,IC50
18,0.0,O=C(/C=C/c1ccc([N+](=O)[O-])cc1)O[C@H](c1ccccc1)[C@H]1O[C@@H]2CC(=O)O[C@@H]2[C@H]1O,CHEMBL3338971,MCF-7,IC50
19,0.0,COc1cc([C@@H]2c3cc4c(cc3[C@@H](NC(=O)/C=C/c3ccc(Br)cc3)[C@H]3COC(=O)[C@H]23)OCO4)cc(OC)c1OC,CHEMBL1927244,HT-29,IC50
20,0.0,Cc1ccc(C(=O)c2c(-c3ccccc3)sc3c2CCCC3)cc1,CHEMBL4093695,Caco-2,IC50
21,1.0,C[C@@H]1CCC2[C@@H](C)[C@@H](O[C@H](C#N)c3ccccc3)O[C@@H]3O[C@]4(C)CCC1[C@@]23OO4,CHEMBL2110193,A549,IC50
22,0.0,COc1ccc(I)c(Sc2nc3c(N)ncnc3n2CCCNC(C)C)c1,CHEMBL381521,MCF-7,IC50
23,0.0,Oc1c(CN2CCCC2)cc(Cn2ncc(-c3ccccc3Br)n2)c2cccnc12,CHEMBL4865414,MDA-MB-435,IC50
24,0.0,CCOP(=O)(OCC)OCn1c(=O)c(F)cn(C2CCCO2)c1=O,CHEMBL252568,HT-29,IC50
25,0.0,CN1c2ccccc2C(=O)N2CCc3c(n(CCCCC(=O)Oc4ccc(-c5cc(=S)ss5)cc4)c4ccccc34)C21,CHEMBL4161032,Caco-2,IC50
26,0.0,CCOC(=O)[C@@H]1CS[C@@]2(C(=O)N(C)c3ccc(Br)cc32)N1C(=O)Cc1ccc(Cl)cc1,CHEMBL2398618,HT-29,IC50
27,0.0,CN(C)CC(=O)Nc1ccc(Nc2nc(-c3ccc(O)cc3)cc(-c3ccc(O)cc3)n2)cc1,CHEMBL4226736,MCF-7,IC50
28,0.0,CC1CCCC(C)N1CCNc1n[n+]([O-])c2ccccc2[n+]1[O-],CHEMBL239109,HT-29,IC50
29,1.0,CCCn1cnc2c(N3CCOC[C@@H]3C)cc(-c3ccc(NC(=O)NCC)cc3)nc21,CHEMBL4084564,MCF-7,IC50
30,0.0,C=C1[C@H](n2ccc(NC(=O)O[C@@H](C)[C@@H](NC(=O)[C@@H](N)Cc3ccc(-c4ccccc4)cc3)C(=O)O)nc2=O)O[C@H](CO)[C@H]1O,CHEMBL393662,HCT-116,IC50
31,1.0,CC(=O)O[C@H]1C(=O)[C@@]2(C)C([C@H](Oc3ccccc3)[C@]34OC(=O)O[C@H]3[C@H](OC(=O)[C@H](O)[C@H](CC(C)C)NC(=O)OC(C)(C)C)C(C)=C1C4(C)C)[C@]1(OC(C)=O)COC1C[C@@H]2O,CHEMBL407883,A549,IC50
32,1.0,C=C(C)[C@@]12O[C@@]3(/C=C/C=C/CCCCCCCCC)O[C@@H]1[C@@H]1[C@@H]4O[C@]4(CO)[C@@H](O)[C@]4(O)C(=O)C(C)=C[C@H]4[C@@]1(O3)[C@H](C)[C@H]2OC(C)=O,CHEMBL3309438,A549,IC50
33,0.0,COc1ccc(-c2c(-c3ccc(O)cc3)cn3c2-c2cc(OC)c(OC)cc2CC3)cc1,CHEMBL573756,HCT-116,IC50
34,1.0,CO[C@H]1C[C@H](C)CC2=C(N3CCC3)C(=O)C=C(NC(=O)/C(C)=C/CC[C@H](OC)[C@@H](OC(N)=O)/C(C)=C/[C@H](C)[C@@H]1F)C2=O,CHEMBL339891,SK-BR-3,IC50
35,0.0,COc1ccc([C@@H](C)N(CC=C(c2ccccc2)c2ccccc2)CCN2CCN(C)CC2)cc1,CHEMBL4858481,NCI-H23,IC50
36,0.0,CC(C)c1ccc(NC(=O)NCCCl)cc1,CHEMBL356033,MDA-MB-231,IC50
37,0.0,O=C(O)c1ccc(-n2cc(CO[C@H]3CC(=O)[C@@H]4OC[C@H]3O4)nn2)cc1,CHEMBL4636554,MDA-MB-231,IC50
38,0.0,Cc1[nH]c(/C=C2\C(=O)N(CCCN(C)C)c3ccc(F)cc32)c(C)c1C(=O)N1CCN(C)CC1.Cl.Cl,CHEMBL3216969,A549,IC50
39,0.0,C/N=N\N(C)C(C)=O,CHEMBL316041,MCF-7,IC50
40,1.0,C=CC(=O)Nc1cc(Nc2ncc(C#N)c(-c3cn(C)c4ccccc34)n2)c(OC)cc1N(C)CCN(C)C,CHEMBL3353406,A549,IC50
41,0.0,O=[N+]([O-])c1cc(C(F)(F)F)cc([N+](=O)[O-])c1Oc1c(Br)cc(Br)cc1/C=N/OCc1ccc(Cl)cc1Cl,CHEMBL2018125,A549,IC50
42,0.0,Cc1ccc(N(C(=O)c2sc(C)nc2C)C(C(=O)NC2CCCCC2)c2cccnc2)cc1,CHEMBL4565508,A549,IC50
43,0.0,CCOC(=O)N1CCc2cc(OC)c(OCC)c3c2[C@@H]1Cc1cc2c(cc1-3)OCO2,CHEMBL1808249,Caco-2,IC50
44,0.0,CCN(CC)CCOc1ccc(C(c2c(O)ccc3ccccc23)N2CCC(O)CC2)cc1,CHEMBL1823986,MCF-7,IC50
45,0.0,CC1=C2[C@H]3OC(=O)[C@@H](CSc4nc5ccccc5c(=O)[nH]4)[C@@H]3CC[C@@]2(C)C=CC1=O,CHEMBL3613401,HCT-116,IC50
46,0.0,Cc1cccc(NC(=O)Nc2ccc(Sc3nc(C)cc(C)n3)cc2)c1,CHEMBL1652333,MCF-7,IC50
47,0.0,Cc1cc2c(cc1C)[n+](Cc1ccc3ccccc3c1)cn2CC(=O)N1CCC2(C)c3ccccc3N(C)C12.[Br-],CHEMBL3745908,A549,IC50
48,1.0,CCCCCOc1nc2ccccc2nc1C(=O)c1cc(OC)c(OC)c(OC)c1,CHEMBL4758003,A549,IC50
49,1.0,CC1=C(O)C(=O)C=C2C1=CC=C1[C@@]2(C)CC[C@@]2(C)[C@@H]3C[C@](C)(C(=O)N4CCN(C(=O)CN5C(=O)S/C(=C\C(C)C)C5=O)CC4)CC[C@]3(C)CC[C@]12C,CHEMBL5173685,A549,IC50
50,1.0,C[C@@H]1CN(CC(=O)N2CC(C)(C)c3nc(CO)c(Cc4ccc(F)cc4)cc32)[C@@H](CN2[C@H](C)COC[C@H]2C)CN1,CHEMBL4166057,MDA-MB-231,IC50
51,0.0,NCCCCCNCCCNC1=CC(=O)c2cc3cc4ccccc4cc3cc2C1=O,CHEMBL487838,HT-29,IC50
52,0.0,CCCCCC(=O)Nc1cc2c(cc1F)c(=O)c(C(=O)OCC)cn2CC,CHEMBL3746328,A549,IC50
53,0.0,CC1=C(C)C(=O)O[C@@H]([C@@H](C)[C@H]2CC[C@H]3[C@@H]4CCC5=CC(=O)C=C[C@]5(C)[C@H]4CC[C@]23C)C1,CHEMBL1782226,MCF-7,IC50
54,0.0,C=C(C)[C@]1(O)C[C@@H](C)[C@@]2(O)[C@H]([C@H]1OC(=O)c1ccccc1)[C@H](O)[C@](O)(COC(=O)/C=C/C=C/CCCCC)[C@@H](O)[C@@]1(O)[C@H]2C[C@H](C)[C@@H]1O,CHEMBL2376826,A549,IC50
55,0.0,O=C(/C=C/c1ccc(N2CCCC2)cc1)c1ccc([N+](=O)[O-])cc1,CHEMBL2382119,T47D,IC50
56,0.0,Cl.NS(=O)(=O)c1cc(-c2nnc(CNCc3ccc(Cl)cc3)o2)c(Cl)cc1SCc1ccccc1,CHEMBL4084651,MCF-7,IC50
57,0.0,O=C1C=C(/N=C\c2c[nH]c3ccccc23)c2ccccc2C1=O,CHEMBL2282722,MCF-7,IC50
58,0.0,O=C(N/N=C/c1ccccc1)c1cc2c([nH]c3ccccc32)c(-c2ccc([N+](=O)[O-])cc2)n1,CHEMBL583335,MCF-7,IC50
59,0.0,COc1ccccc1C1(NCc2ccc(O)c(CN3CCN(C)CC3)c2)CCCC1,CHEMBL3590559,BT-474,IC50
60,1.0,Cc1nc2ccc(NCCN(C)C)c3c(=O)c4ccccc4n1c23,CHEMBL147350,HCT-116,IC50
61,0.0,COc1ccc(Nc2nc(SCc3ccc(C(F)(F)F)cc3)nc3ccccc23)cc1OC,CHEMBL4447068,MDA-MB-231,IC50
62,0.0,CNC(=O)c1cc(Oc2ccc(NC(=O)c3ccc(Cl)cc3)cc2)ccc1N,CHEMBL4560057,MDA-MB-468,IC50
63,0.0,CC(=O)Oc1ccccc1C(=O)NCC[Se]C#N,CHEMBL3793801,HT-29,IC50
64,1.0,O=C1c2ccncc2C(=O)c2c1[nH]c1ccc([N+](=O)[O-])cc21,CHEMBL4160678,HCT-116,IC50
65,0.0,CC/C(=C(\c1ccc(O)cc1)c1ccc(OCCN(C)C)cc1)c1ccc(CCC(=O)NO)cc1,CHEMBL4240593,MCF-7,IC50
66,1.0,CC[C@@]1(O)C(=O)OCc2c1cc1n(c2=O)Cc2cc3c4c(ccc3nc2-1)OCCN4C,CHEMBL297811,SK-BR-3,IC50
67,0.0,N#Cc1c(O)nc2nn3c4cc(O)ccc4nnc3c2c1-c1ccccc1Cl,CHEMBL4797117,MDA-MB-231,IC50
68,0.0,CC(C)c1cnn2c(NCc3ccccc3)cc(NC[C@@H]3CCNC[C@H]3O)nc12,CHEMBL4459754,MDA-MB-231,IC50
69,0.0,C=C1CN(C)N(c2ccc(Cl)cc2)C1=O,CHEMBL3409392,MCF-7,IC50
70,0.0,COc1ccc2c(c1)CCC(=O)/C2=C/c1ccc(N(C)C)cc1,CHEMBL2153130,MDA-MB-435,IC50
71,0.0,CC1(C)C[C@@H](O)C[C@]2(C)[C@@H]1[C@H](O)C[C@@]13C[C@@H](CC[C@H]12)[C@@](O)(CO)C3,CHEMBL257595,LoVo,IC50
72,0.0,Cn1c(-c2ccc(Cl)cc2)c(SC#N)c2ccccc21,CHEMBL3823516,MCF-7,IC50
73,0.0,COC1=C(OC)[C@]23C(=CC1=O)[C@H](OC(=O)COc1ccc(C(C)C)cc1)[C@H](C)[C@@]2(C)Cc1cc(OC)c(OC)c(OC)c13,CHEMBL4211472,MCF-7,IC50
74,0.0,COc1cccc(/C=N/N=C2/c3cc(Cl)ccc3-n3c2nc2ccccc2c3=O)c1O,CHEMBL4089095,A549,IC50
75,0.0,CCCc1ccc(NC(=O)NCCCl)cc1,CHEMBL161374,LoVo,IC50
76,0.0,CC(C)(COC(=O)N1c2ccccc2[C@@]23O[C@]24CCC[C@@H]3C#C/C=C\C#C[C@H]14)S(=O)(=O)c1ccccc1,CHEMBL277573,HT-29,IC50
77,0.0,O=C(Cc1ccc(-c2ccc(OCCN3CCOCC3)cc2)cn1)NCc1cccc(F)c1,CHEMBL4452185,HT-29,IC50
78,0.0,C/C(=N\NC(=O)Nc1nc2ccc(CN3CCC(C)CC3)cc2s1)c1ccccn1,CHEMBL4569152,MCF-7,IC50
79,1.0,Oc1ccc(-c2[nH]c3ccccc3c2-c2nc3ccccc3o2)cc1,CHEMBL1929130,MCF-7,IC50
80,0.0,C/C=C/c1ccc(Nc2ncnc3cc(OCc4ccccc4)c(OCc4ccccc4)cc23)cc1,CHEMBL4213001,SW480,IC50
81,0.0,O=C(Nc1nc2ccc([N+](=O)[O-])cc2[nH]1)c1cc2ccccc2o1,CHEMBL2315757,SW-620,IC50
82,1.0,CC(=O)O[C@H]1C(=O)[C@@]2(C)[C@H]([C@H](OC(=O)c3ccccc3)[C@]34OC(=O)O[C@H]3[C@H](OC(=O)[C@H](O)[C@H](C=C(C)C)NC(=O)C(C)(C)C)C(C)=C1C4(C)C)[C@]1(OC(C)=O)CO[C@@H]1C[C@@H]2O,CHEMBL1096569,HT-29,IC50
83,0.0,COC(C)(C)CCC[C@@](C)(O)[C@H]1CC[C@]2(C)[C@@H]1[C@H](OC(=O)CCl)C[C@@H]1[C@@]3(C)CC[C@H](O)C(C)(C)[C@@H]3CC[C@]12C,CHEMBL4294887,MCF-7,IC50
84,0.0,Cc1ccc2c(c1)sc1c(O)nc3ccc(/C(N)=N\C(C)C)cc3c12,CHEMBL363146,MCF-7,IC50
85,0.0,COc1ccc(C2N=C(C(N)=O)c3ncn(-c4ccc(F)cc4)c3N2)cc1,CHEMBL4747675,T47D,IC50
86,0.0,COc1ccc2nc(Cl)c(/C=C/c3ccc(F)cc3)cc2c1,CHEMBL3740342,MDA-MB-468,IC50
87,1.0,COc1ccc(OC)c(C(=O)O[C@H]2C3[C@](C)(C(=O)[C@H](OC(=O)CCSSC)C4=C(C)[C@@H](OC(=O)[C@H](O)[C@H](C=C(C)C)NC(=O)OC(C)(C)C)C[C@]2(O)C4(C)C)C(O)C[C@H]2OC[C@@]32OC(C)=O)c1,CHEMBL364622,MCF-7,IC50
88,0.0,O=Cc1cc(O)c(O)c(Br)c1,CHEMBL401368,DLD-1,IC50
89,0.0,COc1ccc(C(=O)/C=C/c2ccc(Cl)c(Cl)c2)c2c1C=CC(C)(C)O2,CHEMBL2041276,SW-620,IC50
90,0.0,COc1ccc(C(=O)/C=C/c2ccc(OCC(=O)N[C@@H]3c4cc5c(cc4[C@@H](c4cc(OC)c(OC)c(OC)c4)[C@H]4C(=O)OC[C@@H]43)OCO5)c(OC)c2)cc1,CHEMBL1927231,HT-29,IC50
91,1.0,Cc1ccccc1CN1CCn2c1nc(=O)c1c2CCN(Cc2ccc(F)c(F)c2)C1,CHEMBL5176285,HCT-116,IC50
92,0.0,C=CCc1cc(C=O)c(O)c(-c2ccc(O)c(CC=C)c2)c1,CHEMBL562336,A549,IC50
93,0.0,CCCCCCCC/C=C/[C@]12C(=O)[C@H]3O[C@H]3[C@H](O)[C@H]1[C@H]1C(=C[C@@H]2CCCCCCCC)C(=O)[C@H]2O[C@H]2[C@@H]1O,CHEMBL2322200,MCF-7,IC50
94,1.0,O=C(/C=C/c1ccc(F)cc1)NCc1cc2c([nH]c3ccccc32)c(-c2cccc(F)c2)n1,CHEMBL4168128,MCF-7,IC50
95,1.0,Oc1ccccc1-c1cc(-c2cccc(Cl)c2)nc2c1COc1ccccc1-2,CHEMBL4227377,T47D,IC50
96,1.0,C#CC[C@H]1O[C@H]2C[C@H]3O[C@@H](CC[C@@H]4O[C@@H](CC[C@@]56C[C@H]7O[C@H]8[C@@H](O5)[C@H]5O[C@H](CC[C@@H]5O[C@H]8[C@H]7O6)CC(=O)C[C@@H]2[C@H]1OC)CC4=C)C[C@@H](C)C3=C,CHEMBL1683540,DLD-1,IC50
97,0.0,COc1cc(OCc2cccc(-c3ccc4c(c3)OCCO4)c2C)cc(OC)c1CNCCCCCC(=O)NO,CHEMBL5175835,A549,IC50
98,0.0,CCCCCCC#Cc1ccc(CO[C@H]2CN[C@H](C(=O)NCc3ccc(C(F)(F)F)cc3)C2)cc1,CHEMBL4163037,HT-29,IC50
99,0.0,Nc1ncn([C@@H]2O[C@H](CO)[C@@H](O)[C@H]2O)c(=O)n1,CHEMBL1489,HT-29,IC50
100,0.0,CC(=O)O[C@H]1C[C@]2(O)C(COC(=O)CC(C)C)=CO[C@@H](OC(=O)CC(C)C)[C@@H]2[C@@]12CO2,CHEMBL556884,A549,IC50
101,1.0,CC[C@@]1(O)C(=O)OCc2c1cc1n(c2=O)Cc2c-1nc1ccc(OC)cc1c2C1CCCC1,CHEMBL563796,HT-29,IC50
102,0.0,CCCCCC[P+](Cc1ccccc1O)(c1ccccc1)c1ccccc1.[Cl-],CHEMBL4637467,MCF-7,IC50
103,0.0,COc1cc2c(cc1CCC(C)C)C(=O)C[C@@H](c1ccc(O)cc1)O2,CHEMBL4173818,A549,IC50
104,0.0,CCCCOC(=O)[C@]12CCC(C)(C)C[C@H]1C1=CC[C@@H]3[C@@]4(C)C[C@@H](O)[C@H](O)C(C)(C)[C@@H]4CC[C@@]3(C)[C@]1(C)CC2,CHEMBL3086606,MCF-7,IC50
105,0.0,COc1ccc([C@@H]2[C@@H](Oc3ccccc3)C(=O)N2c2cc(OC)c(OC)c(OC)c2)cc1NC(=O)C(C)N,CHEMBL3759207,MCF-7,IC50
106,0.0,O=C(CSc1nc(Nc2ccccc2)c2ccccc2n1)Nc1ccc(F)c(Cl)c1,CHEMBL4854528,MDA-MB-231,IC50
107,0.0,O=c1c(O)c(-c2ccccc2)[nH]c2cc(F)c(F)cc12,CHEMBL4793921,HCT-116,IC50
108,0.0,CCOC(=O)n1c(-c2nn(-c3ccccc3)c(=O)n3c2nc2ccccc23)nc2ccccc21,CHEMBL515695,MCF-7,IC50
109,0.0,NS(=O)(=O)c1cc(-c2nnc(CNC(=O)c3ccccc3)o2)c(Cl)cc1SCc1ccccc1,CHEMBL4073955,HCT-116,IC50
110,1.0,CN(CCCl)c1ccc2ncnc(Nc3cccc(Br)c3)c2c1,CHEMBL4765122,A549,IC50
111,1.0,O=C(NCCCCCS(=O)(=O)N(OCCN1CCOCC1)C1CCCC1)NCc1cccnc1,CHEMBL3094247,MCF-7,IC50
112,1.0,CCCCc1nc2cc(/C=C/C(=O)NO)ccc2n1CCNC(C)C,CHEMBL1830396,HCT-116,IC50
113,0.0,C=CCCCCOc1ncc(-c2cccc(OC)c2OC)n1C,CHEMBL3092923,A549,IC50
114,0.0,COc1cc(-c2cn(-c3ccc(Oc4ccccc4)cc3)nn2)cc(OC)c1OC,CHEMBL200990,MDA-MB-231,IC50
115,1.0,CC[C@H](C)[C@H]1C(=O)N[C@H](Cc2ccc(O)c(Br)c2)C(=O)N[C@@H](C(C)(C)O)C(=O)O[C@H](c2ccccc2)[C@H](C)/C=C/C=C(\C)[C@H](OC)C/C=C(\C)C(=O)N1C,CHEMBL4211849,HCT-116,IC50
116,0.0,CCn1c(=O)/c(=C2\Sc3cc(Br)ccc3N2C)s/c1=C\c1scc[n+]1Cc1ccc(C(F)(F)F)o1.[Cl-],CHEMBL4168736,MCF-7,IC50
117,1.0,COc1ccc(-c2nnc(Nc3ncc(C(=O)NO)cn3)o2)cc1,CHEMBL1834467,HCT-116,IC50
118,0.0,O=C1CC(c2cccs2)c2c(sc(-c3ccc(Cl)cc3)c2-c2ccc(Cl)cc2)N1,CHEMBL2386580,A549,IC50
119,1.0,Fc1ccc(C2NNCc3nc4ccccc4n32)cc1,CHEMBL2035838,MCF-7,IC50
120,0.0,O[C@H]1[C@@H](O)CN[C@@H]1COCCCCCCCC/C=C/c1ccc(Oc2ccccc2)cc1,CHEMBL4213738,SK-BR-3,IC50
121,0.0,Cc1n[nH]c(O)c1C(c1cccc(OCc2ccc(F)cc2)c1)c1c(O)n[nH]c1C,CHEMBL4177265,MCF-7,IC50
122,0.0,CCc1ccc(CN(Cc2c(F)c(F)c(F)c(F)c2F)c2cccc(S(N)(=O)=O)c2)cc1,CHEMBL4164730,HCT-116,IC50
123,0.0,Cn1nc(-c2ccc(C(F)(F)F)cc2)cc1-c1nnc(SCCOc2ccccc2F)o1,CHEMBL2036111,MCF-7,IC50
124,0.0,COc1cc(OC)c(-c2cn3ccc(N4CCNCC4)nc3n2)cc1Cl,CHEMBL4533841,A549,IC50
125,0.0,CO[C@H]1/C=C\C=C(/C)C(=O)NC2=CC(=O)C(NCCCCCCNC(=O)/C=C/c3ccccc3)=C(C[C@@H](C)C[C@H](OC)[C@H](O)[C@@H](C)/C=C(\C)[C@@H]1OC(N)=O)C2=O,CHEMBL3354110,MDA-MB-231,IC50
126,0.0,COc1cc2ncc(C#N)c(Nc3ccc(Br)c(C)c3)c2cc1OC,CHEMBL110055,SK-BR-3,IC50
127,1.0,Nc1ccccc1NC(=O)c1ccc(CNc2cccc3c2N(S(=O)(=O)c2ccc(O)cc2)CC3)cc1,CHEMBL4532548,A549,IC50
128,1.0,Cc1[nH]cnc1/C=c1\[nH]c(=O)/c(=C/c2cccc(C(=O)c3ccccc3)c2)[nH]c1=O,CHEMBL3342335,HT-29,IC50
129,1.0,CNCc1cccn1-c1nc(-c2ccc(F)cc2)cc(-c2cc(OC)c(OC)c(OC)c2)c1C#N,CHEMBL4161317,A549,IC50
130,0.0,CCC[C@H]1C[C@H]2[C@@H]3CCc4cc(O)c(OC)cc4[C@H]3CC[C@]2(C)[C@H]1O,CHEMBL410006,MDA-MB-231,IC50
131,1.0,Oc1ccc2c(c1)oc1c(-c3ccccc3)cc(-c3ccccc3O)nc12,CHEMBL4203576,T47D,IC50
132,1.0,COc1cc([C@@H]2c3cc4c(cc3C[C@H]3COC(=O)[C@@H]32)OCO4)cc(OC)c1OC(=O)N[C@H](CCSC)C(N)=O,CHEMBL1923600,A549,IC50
133,0.0,COc1ccc(-c2nsc3c2C(=O)c2cccc(O)c2C3=O)cc1,CHEMBL4633297,HT-29,IC50
134,1.0,CC(F)(F)c1cc(Cl)ccc1-c1sc2c(ccc3[nH]ncc32)c1Oc1ccc(O[C@@H]2CCN(CCCF)C2)cc1,CHEMBL5174315,MCF-7,IC50
135,1.0,O=S(=O)(c1ccc(-c2ccnc(Nc3ccc4ncsc4c3)n2)cc1)N1CCCCC1,CHEMBL401919,A549,IC50
136,0.0,O=c1c2ccc(O)cc2oc2cc(OCCCCCO[N+](=O)[O-])cc(O)c12,CHEMBL4165297,MDA-MB-231,IC50
137,0.0,CC1=CC[C@]23O[C@@]2(C)CC[C@@H]2[C@H](OC(=O)[C@H]2CSCCO)[C@@H]13,CHEMBL4073552,A549,IC50
138,1.0,CC(C)=CCc1c(O)cc(O)c2c1O[C@@]13C(=C[C@H]4C(=O)C1(CC=C(C)C)OC[C@@H]3[C@H]4CN1CCN(c3ccccc3)CC1)C2=O,CHEMBL2336099,A549,IC50
139,0.0,Nc1ccc(C(=O)N2Cc3ccccc3C(c3ccccc3Cl)c3ccccc32)cc1,CHEMBL467862,MCF-7,IC50
140,0.0,CC(=O)OC[C@H]1O[C@@H](n2cc(CN3C(=O)/C(=C/c4ccc(N(C)C)cc4)c4ccccc43)nn2)[C@H](OC(C)=O)[C@@H](OC(C)=O)[C@@H]1OC(C)=O,CHEMBL3799803,MCF-7,IC50
141,0.0,COC(=O)c1c(-c2cc(O)c3c(c2)C(=O)c2cccc(O)c2C3=O)nn(-c2ccccc2)c1C(=O)OC,CHEMBL4743262,MDA-MB-231,IC50
142,0.0,O=C(OCc1cc2c(cn1)[nH]c1ccccc12)c1ccc(N(CCCl)CCCl)cc1,CHEMBL4856693,MCF-7,IC50
143,0.0,O=C1N/C(=N/c2csc(-c3ccc(Cl)cc3)c2)S/C1=C\c1ccccn1,CHEMBL3416086,MDA-MB-231,IC50
144,0.0,CO[C@@H]1[C@@H](O)[C@@H](O)[C@H](Oc2ccc3cc(NC(=O)c4cccc(-c5cccc(C(=O)Nc6cc7ccc(O[C@@H]8OC(C)(C)[C@H](OC)[C@@H](O)[C@H]8O)c(C)c7oc6=O)c5)c4)c(=O)oc3c2C)OC1(C)C,CHEMBL1821737,SK-BR-3,IC50
145,0.0,N#Cc1ccc([P+](CCCCCCCCCC(=O)NC(CNC(=O)CCCc2ccccc2)(CNC(=O)CCCc2ccccc2)CNC(=O)CCCc2ccccc2)(c2ccc(C#N)cc2)c2ccc(C#N)cc2)cc1.[Br-],CHEMBL5188563,MCF-7,IC50
146,0.0,C#Cc1ccc(/C(=C(\CC)c2ccccc2)c2ccc(OCCN3CCCC3)cc2)cc1,CHEMBL415470,MCF-7,IC50
147,1.0,CCC(=O)N[C@H]1CCc2c(Br)c(OC)c(OC)c(OC)c2-c2ccc(SC)c(=O)cc21,CHEMBL4516892,LoVo,IC50
148,0.0,O.O.O=C(Nc1nnc(-c2cccc(O)c2O)s1)c1ccc(Cl)cc1,CHEMBL4068406,A549,IC50
149,0.0,c1ccc(-c2cccc(-c3cccs3)n2)nc1,CHEMBL460661,HCT-15,IC50
150,0.0,O=C1Nc2ccc(F)cc2/C1=C/c1ccc(-c2cn(-c3ccccc3F)nn2)cc1,CHEMBL4876341,HT-29,IC50
151,0.0,COC(=O)c1cc2oc(-c3nc4cc(C(=N)NC(C)C)ccc4[nH]3)cc2c2ccccc12.Cl,CHEMBL517715,SW-620,IC50
152,1.0,CC[C@H](C)[C@H]1C(=O)N2CCC[C@H]2C(=O)O[C@H](C(C)(C)C)C[C@@H](C)C[C@H](O)[C@H](C)C(=O)NCCC(=O)N[C@@H](Cc2ccc(OC)cc2)C(=O)N(C)[C@@H](C)C(=O)N1C,CHEMBL4101741,HCT-116,IC50
153,0.0,C[C@@H]1O[C@@H](OCC#Cc2c(-c3ccccc3)oc3ccccc23)C[C@H](N)[C@@H]1O,CHEMBL1643166,MCF-7,IC50
154,0.0,CN1CCN(CCOc2ccc(C3C4=C(c5ccccc5C4=O)N(C)C(=O)N3CC(F)(F)F)cc2)CC1,CHEMBL5196022,MCF-7,IC50
155,0.0,CCN1C[C@]2(COC)[C@H](O)C[C@H](OC)[C@]34C1[C@H]([C@H](OC)[C@H]23)[C@]1(OC(=O)CCCCCCC(=O)O[C@]23[C@H]5[C@@H](OC(=O)c6ccccc6)[C@](O)(C[C@H]5[C@@]56C7[C@@H]2[C@H](OC)[C@@H]5[C@](COC)(CN7CC)[C@H](O)C[C@@H]6OC)[C@@H](OC)[C@@H]3O)[C@H]2[C@@H](OC(=O)c3ccccc3)[C@](O)(C[C@H]24)[C@@H](OC)[C@@H]1O,CHEMBL2041884,MCF-7,IC50
156,1.0,O=C(N[C@H]1CCCNC1)c1ccnc2nc(-c3ccc(Br)s3)[nH]c12,CHEMBL3716044,T47D,IC50
157,1.0,CCCCN[C@H]1CCc2cc(OC)c(OC)c(OC)c2-c2ccc(SC)c(=O)cc21,CHEMBL5075235,A549,IC50
158,0.0,c1ccc2c(CCNc3ccc(Nc4ccncc4)cc3)c[nH]c2c1,CHEMBL2137530,NCI-H1299,IC50
159,0.0,O=C1c2ccc3c4c(ccc(c24)C(=O)N1CCNCCO)C(=O)N(CCNCCO)C3=O,CHEMBL225209,NCI-H460,IC50
160,0.0,OCc1c(CO)c2sc3ccccc3n2c1-c1ccc(Cl)cc1,CHEMBL2037062,HCT-116,IC50
161,0.0,N[C@H]1CC[C@H](Nc2c(C(=O)NCc3ccc(F)cc3)nc(N3CCCCC3)c3cccnc23)CC1,CHEMBL2180558,MDA-MB-435,IC50
162,0.0,COc1ccc2nc3cc(Cl)ccc3c(NCCCN3C(=O)CSC3c3ccccc3F)c2c1,CHEMBL4208828,MDA-MB-468,IC50
163,0.0,COc1cccc(-c2cc(C(=O)Nc3cc4ccc(OC5CCC[C@@H](O)[C@H]5O)c(OC)c4oc3=O)ccc2OC)c1,CHEMBL1797340,SK-BR-3,IC50
164,0.0,CCN(CC)CCCNCc1cc2c3ccccc3n(Cc3ccc(F)cc3)c2cn1,CHEMBL1169973,MCF-7,IC50
165,0.0,COc1cccc(-c2ccc3c(NC(=O)CCCCCCC(=O)NO)n[nH]c3c2)c1,CHEMBL4790137,MCF-7,IC50
166,0.0,COc1ccc2c(c1)cc1n2CCn2c-1[n+](C)c1ccc(F)cc1c2=O,CHEMBL4475992,HCT-116,IC50
167,0.0,O=C(NCCc1c[nH]cn1)c1cc2c3ccccc3[nH]c2c2c1[nH]c1ccccc12,CHEMBL4436736,MDA-MB-231,IC50
168,0.0,COc1ccc2c(c1)C1(C(=O)N2)C2C(=O)N(c3ccc(Cl)cc3)C(=O)C2CN1C,CHEMBL1926711,MCF-7,IC50
169,0.0,CCC1=C(OC)C(CC)(CC)c2oc(-c3csc4cc(N)ccc34)cc(=O)c2C1=O,CHEMBL4070012,A549,IC50
170,0.0,CC(C)N(CCOc1ccc(C(c2c(O)ccc3ccccc23)N2CCC(O)CC2)cc1)C(C)C,CHEMBL1823987,MCF-7,IC50
171,0.0,CC(=O)N[C@@H](CCCNC(N)=O)C(=O)N[C@H](CC(=O)N[C@@H](Cc1ccccc1)C(N)=O)c1cccc2ccccc12,CHEMBL3218736,MCF-7,IC50
172,0.0,CCCCCCCCCCCCO[C@@H]1O[C@@H](C)[C@H](O[C@@H]2O[C@@H](C)[C@H](OC(C)=O)[C@@H](O[C@@H]3O[C@@H](C)[C@H](OC(C)=O)[C@@H](O[C@@H]4O[C@@H](C)[C@H](OC(C)=O)[C@@H](O)[C@H]4O)[C@H]3OC(C)=O)[C@H]2O)[C@@H](O)[C@H]1O,CHEMBL450890,NCI-H460,IC50
173,0.0,COc1ccc(Cn2cc(CNC(=O)c3csc4nc(-c5ccc(F)cc5)cn34)nn2)cc1O,CHEMBL4079158,MCF-7,IC50
174,1.0,COc1cc([C@@H]2c3cc4c(cc3[C@@H](O[C@H]3CC[C@@H](O)[C@@H](C(C)C)O3)[C@H]3COC(=O)[C@H]23)OCO4)cc(OC)c1O,CHEMBL4854922,A549,IC50
175,0.0,CN1CCN(c2ccc(S(=O)(=O)Oc3cccc(Br)c3)cc2)C1=O,CHEMBL4095519,MCF-7,IC50
176,0.0,C/C=C1\NC(=O)[C@H](Cc2ccccc2)NC(=O)[C@@H](C(C)C)NC(=O)[C@@H]([C@H](C)CC)NC(=O)[C@H](NC(=O)[C@H](NC(=O)[C@@H](NC(=O)[C@H](NC(=O)CCCC(C)C)C(C)C)[C@@H](C)O)[C@H](C)CC)[C@H](C)OC(=O)[C@H](C(C)C)NC1=O,CHEMBL454458,A549,IC50
177,0.0,CCOC(=O)CN(Cc1ccccc1)c1nc(NCCc2ccccc2)ncc1[N+](=O)[O-],CHEMBL3824100,MDA-MB-231,IC50
178,1.0,CCCNC(=O)N[C@]1(C)CC[C@]2(C)CC[C@]3(C)C4=CC=C5C(=CC(=O)C(O)=C5C)[C@]4(C)CC[C@@]3(C)[C@@H]2C1,CHEMBL4213144,A549,IC50
179,0.0,CC(C)Nc1nc(Nc2ccc(N3CCN(C)CC3)cc2)ncc1/N=C/c1ccccc1,CHEMBL4862942,HT-29,IC50
180,0.0,COc1ccc2nc3cc(Cl)ccc3c(NCCCN(CCCNc3c4ccc(Cl)cc4nc4ccc(OC)cc34)Cc3cc(OC)c(OC)c(OC)c3)c2c1,CHEMBL390711,COLO 205,IC50
181,0.0,CCCCCCCCCCC(=O)O[C@@H]1[C@@]2(C(C)C)O[C@H]2[C@@H]2O[C@]23[C@]12O[C@H]2C[C@H]1C2=C(CC[C@@]13C)C(=O)OC2,CHEMBL4875651,NCI-H1299,IC50
182,0.0,CN1Cc2c(ccc3c2OCO3)[C@H]2[C@@H](OC(=O)CCC(=O)NCCOc3no[n+]([O-])c3S(=O)(=O)c3ccccc3)Cc3cc4c(cc3[C@H]21)OCO4,CHEMBL4643284,MCF-7,IC50
183,0.0,C=C[C@@]1(C)CC[C@H](C2=CC[C@H](C(C)(C)O)OC2=O)C[C@@H]1C(=C)C,CHEMBL470132,A549,IC50
184,0.0,CC(=O)c1ccc(O)cc1O,CHEMBL243374,LoVo,IC50
185,1.0,COc1cc([C@@H]2c3cc4c(cc3[C@@H](NC(=O)NS(=O)(=O)c3ccccc3)[C@H]3COC(=O)[C@H]23)OCO4)cc(OC)c1OC,CHEMBL3105062,A549,IC50
186,1.0,O=C1NC(=O)c2c1c1c3ccc(CN4CCSCC4)cc3[nH]c1c1c2c2cccc3c2n1CCC3,CHEMBL109838,HCT-116,IC50
187,0.0,O=C(/C=C/c1ccccc1Cl)c1ccc2ccccc2c1O,CHEMBL1935213,MCF-7,IC50
188,0.0,O=C(OCCn1c([N+](=O)[O-])cnc1/C=C\c1cccc(Br)c1)c1cccc2c1OCCO2,CHEMBL3261181,A549,IC50
189,0.0,COc1cc([C@@H]2c3cc4c(cc3[C@H](OC(=O)CN3CCN(c5ccccc5Cl)CC3)[C@H]3COC(=O)[C@H]23)OCO4)cc(OC)c1OC,CHEMBL4089724,MCF-7,IC50
190,0.0,CC(C)(O)CCC[C@@](C)(O)[C@H]1CC[C@]2(C)[C@@H]1[C@H](OC=O)C[C@@H]1[C@@]3(C)CC[C@H](OC=O)C(C)(C)[C@@H]3CC[C@]12C,CHEMBL2064824,MCF-7,IC50
191,0.0,Cc1cc(-c2n[nH]c3ccc(C(=O)NC(C)c4ccncc4)cc23)ccn1,CHEMBL3798526,HT-29,IC50
192,0.0,COc1cc([C@@H](CC=C(C)C)OC(C)=O)c(OC)c2c1C(=O)C=CC2=O,CHEMBL1806563,MDA-MB-231,IC50
193,0.0,O=C(Oc1ccccc1)c1ccc(CO[N+](=O)[O-])cc1,CHEMBL1795741,MDA-MB-231,IC50
194,0.0,COc1cc2c(cc1OC)N1Cc3cc(OC)c(OC)cc3N(C2)C1N(C)C,CHEMBL3329322,MDA-MB-231,IC50
195,0.0,CCN1C(=O)CN(C2CCCC2)c2nc(Nc3ccc(N4CCN(C)CC4)cc3)ncc21,CHEMBL4750836,MDA-MB-231,IC50
196,0.0,COc1ccc(-c2cc(=O)c3c(O)c(OC)c(OCCN4CCCCC4)cc3o2)cc1,CHEMBL483758,Caco-2,IC50
197,0.0,COc1ccc(/C=C\c2cc(OC)c(OC)c(OC)c2)cc1OCCCCCCCCCCCCCCCc1cn(CCCCC[C@@H]2CC=CC(=O)O2)nn1,CHEMBL3338668,MCF-7,IC50
198,0.0,C/C=C(\C)C(=O)[C@@H](C)c1cc(O)c2c(c1O)O[C@]1(C)CC[C@H]3O[C@@H](C(C)(C)O)CC[C@]3(C)[C@H]1[C@@H]2O,CHEMBL4448733,NCI-H226,IC50
199,0.0,O=c1sc2ccccc2n1CCCCCN1CCN(CCCCn2c(=O)sc3ccccc32)CC1,CHEMBL3597262,BT-549,IC50
200,0.0,COc1ccc(-c2nc(=O)n(Cc3cnc(Cl)s3)c3sc4c(c23)CCC(C(C)(C)C)C4)cc1,CHEMBL4559057,HT-29,IC50
201,0.0,CC(C)(C)OC(=O)N[C@@H]1CCN(C(c2ccc(-c3ccncc3)cc2)c2cc3c(cc2O)OCO3)C1,CHEMBL4850758,SW-620,IC50
202,0.0,CSc1ccc(/C=C/c2ccc3nc4c(oc5ccccc54)c(NCCc4ccc(F)cc4)c3c2)cc1,CHEMBL4205007,A549,IC50
203,0.0,CC1C(C(C)(C)O)CCC1(C)/C=C/c1ccc(O)cc1,CHEMBL1946507,A549,IC50
204,0.0,COc1cc(C2=NN(C(N)=O)C(c3cn(Cc4ccc(OCCN5CCCCC5)cc4)c4ccc(Br)cc34)C2)cc(OC)c1OC,CHEMBL4800313,A549,IC50
205,0.0,OC(CN1CCN(c2cccc(Cl)c2)CC1)c1ccc(Br)cc1,CHEMBL3398114,MCF-7,IC50
206,0.0,COc1cc(/C=C/C(C)=O)ccc1OCc1cn(-c2ccc(NC(=O)c3ccccc3)cc2)nn1,CHEMBL4285327,MCF-7,IC50
207,0.0,CC1=C(C)C(=O)c2c(nc(CS(=O)(=O)c3ccccc3)n2C)C1=O,CHEMBL509842,T47D,IC50
208,1.0,COc1cc(-c2cc(=O)[nH]c3c(O)c(OC)ccc23)cc(SC)c1OC,CHEMBL4459725,MDA-MB-231,IC50
209,0.0,CCOc1cccc(Nc2nn(C)c3c2Cc2cc(OCC)c(OCC(=O)NCCC#N)cc2-3)c1,CHEMBL4441520,MCF-7,IC50
210,0.0,COc1cc(C(=O)NNC(=S)Nc2csc(-c3ccc(C)cc3)c2)cc(OC)c1OC,CHEMBL3286460,MCF-7,IC50
211,0.0,Cc1cccc2nc(-c3ccc(Cc4n[nH]c(=O)c5ccccc45)cc3)[nH]c(=O)c12,CHEMBL5196737,MDA-MB-231,IC50
212,1.0,Cn1ncnc1[C@H]1c2n[nH]c(=O)c3cc(F)cc(c23)N[C@@H]1c1ccc(F)cc1,CHEMBL3137320,DLD-1,IC50
213,0.0,C=CCNP(=O)(OC[C@H]1O[C@@H](n2cc(F)c(=O)[nH]c2=O)C[C@@H]1OC(=O)OC(C)(C)C)Oc1ccc(Cl)cc1,CHEMBL3785900,MCF-7,IC50
214,0.0,CC(C)(C)c1cc2c(c(-c3ccccc3)n1)[n+](Cc1ccccc1)c1ccc(-c3cccs3)cn21.[Br-],CHEMBL4866081,MDA-MB-231,IC50
215,0.0,CC(=O)O[C@H]1[C@H](OC(C)=O)[C@@H](O[C@H]2CC[C@@]3(C)C(=CC[C@]4(O)[C@@H]3C[C@@H](OC(=O)/C=C(\C)C(C)C)[C@@]3(C)[C@]4(O)CC[C@@]3(O)C(C)=O)C2)O[C@@H](C)[C@H]1OC(C)=O,CHEMBL5183241,HCT-116,IC50
216,0.0,CC[C@H](C)C[C@H](C)/C=C/CC[C@H](O)[C@H](Cc1ccc(O)cc1)NC,CHEMBL1684467,MCF-7,IC50
217,0.0,COc1cc(C(=O)c2n[nH]c3c(C#CCN)c(OC)ccc23)cc(OC)c1OC,CHEMBL220520,NCI-H460,IC50
218,0.0,CC(C)(C)c1ccc(/C=C/C(=O)c2ccc(OCc3cn([C@H]4CC(=O)N5C[C@@H]6CCCN7CCC[C@@H]([C@H]67)[C@H]5C4)nn3)cc2O)cc1,CHEMBL3427730,A549,IC50
219,0.0,Oc1cccc(-c2nc(N3CCOCC3)c3ncn(C4CCNCC4)c3n2)c1,CHEMBL593768,LoVo,IC50
220,1.0,CS[C@@]1(C(=O)Nc2ccc3[nH]nc(-c4ccc(OC(C)C)nc4)c3c2)CCN(CC(=O)N2CC=C(c3ccc(-c4ncn(C)n4)cc3)CC2)C1,CHEMBL4213970,HT-29,IC50
221,1.0,CC[C@]1(NC(=O)c2cncs2)C[C@H]2CN(CCc3c([nH]c4ccccc34)[C@@](C(=O)OC)(c3cc4c(cc3OC)N(C)[C@H]3[C@@](O)(C(=O)OC)[C@H](OC(C)=O)[C@]5(CC)C=CCN6CC[C@]43[C@@H]65)C2)C1,CHEMBL4098097,HCT-116,IC50
222,0.0,CCCCCCCCCC(O)CN,CHEMBL2420019,MDA-MB-231,IC50
223,1.0,CC[C@H]1CN2CCc3cc(OC)c(OC)cc3[C@@H]2C[C@@H]1CCO,CHEMBL4556326,A549,IC50
224,0.0,CC(=O)O[C@H]1[C@@H](O)[C@H]2C(C)(C)CC[C@H](OCc3cc(-c4ccc(OCc5ccccc5)cc4)no3)[C@]2(C)[C@@]2(O)C(=O)C[C@](C)(C3CC(c4ccc(OCc5ccccc5)cc4)=NO3)O[C@]12C,CHEMBL4227943,MCF-7,IC50
225,1.0,COC1=C2C[C@H](C)C[C@H](OC)[C@@H](O)[C@H](C)/C=C(\C)C[C@H](OC(N)=O)[C@@H](OC)/C=C\C=C(/C)C(=O)NC(=CC1=O)C2=O,CHEMBL25891,COLO 205,IC50
226,0.0,Cc1ccc(C(=O)Nc2ccc(C(=O)/C=C/c3nc(C)c(C)nc3C)cc2)cc1,CHEMBL4875204,MDA-MB-231,IC50
227,1.0,CC(C)n1nnc2c1C(=O)c1cnncc1C2=O,CHEMBL260224,A549,IC50
228,0.0,Cc1cn(CCCCCCOC(=O)[C@]23CCC(C)(C)C[C@H]2C2=CC[C@@H]4[C@@]5(C)CC[C@H](O)C(C)(C)[C@@H]5CC[C@@]4(C)[C@]2(C)CC3)c(=O)n(CCCCCCOC(=O)[C@]23CCC(C)(C)C[C@H]2C2=CC[C@@H]4[C@@]5(C)CC[C@H](O)C(C)(C)[C@@H]5CC[C@@]4(C)[C@]2(C)CC3)c1=O,CHEMBL3818102,MCF-7,IC50
229,1.0,COc1ccccc1C1C(C(=O)Nc2ccc(-c3nc4ccccc4[nH]3)cc2)=C(N)NC2SC=CN21,CHEMBL5207360,HCT-116,IC50
230,0.0,c1ccc(Oc2ccc(-c3nc4ccccc4c4c3[nH]c3ccccc34)cc2)cc1,CHEMBL3422774,MCF-7,IC50
231,1.0,COc1ccc(C(=O)OC2(C(=O)Nc3ccc([N+](=O)[O-])cc3)CCCCC2)cc1,CHEMBL4474493,MCF-7,IC50
232,0.0,O=C(CCl)Nc1nonc1NC(=O)CCl,CHEMBL600041,SW480,IC50
233,0.0,C=CCN1C[C@@H]2[C@H](Oc3ccccc3)CC[C@H]1CN2Cc1ccc(OC)cc1OC,CHEMBL494192,MCF-7,IC50
234,0.0,CC(=O)OCCC1(O)C(=O)OCc2c1cc1n(c2=O)Cc2cc3ccccc3nc2-1,CHEMBL354150,DLD-1,IC50
235,0.0,CCCC(=O)NNC(=O)c1csc2ncc(-c3ccc(OC)cc3)n12,CHEMBL5180996,HCT-116,IC50
236,0.0,COc1cc(/C=C/C(=O)C(=CC2CCN(C(=O)OC(C)(C)C)CC2)C(=O)/C=C/c2ccc(O)c(OC)c2)ccc1O,CHEMBL4444656,MCF-7,IC50
237,1.0,C=C[C@]1(C)C[C@@H](O)[C@]2(C)[C@H](C)CC[C@]3(CC(=C)C(=O)[C@H]32)[C@@H](C)[C@@H]1OC(=O)c1cccc(C(F)(F)F)c1,CHEMBL5080031,HCT-116,IC50
238,0.0,C=C1CC[C@@H]2[C@](C)(COC(C)=O)[C@H](OC(C)=O)CC[C@@]2(C)[C@@H]1C[C@H](SC(=S)N1CCC(Cc2ccccc2)CC1)C1=CCOC1=O,CHEMBL4633110,A549,IC50
239,0.0,COc1cc(O)c(C(=O)/C=C/c2ccccc2)cc1C,CHEMBL241591,HCT-116,IC50
240,0.0,CC(C)(C)OC(=O)N1[C@@H](COc2cccc3ccccc23)COC1(C)C,CHEMBL4126721,MDA-MB-231,IC50
241,1.0,CCCCN1C(=O)Nc2cccc3nc4c(c1c23)Cn1c-4cc2c(c1=O)COC(=O)[C@]2(O)CC,CHEMBL493368,HCT-116,IC50
242,1.0,CCNC(=O)c1noc(-c2cc(C(C)C)c(O)cc2O)c1NC(=O)c1ccc2ccn(C)c2c1,CHEMBL1941074,NCI-H460,IC50
243,0.0,C=C(C)[C@@H]1CC=C2[C@@H](CC[C@]23C(=C)CC[C@@]3(C)[C@H](C)CC(=O)[C@H]2CC(CCC=C(C)C)=CC[C@]2(C)C(=O)O)[C@@]1(C)CCC(=O)OC,CHEMBL3758616,A549,IC50
244,1.0,CC(=O)Oc1cc2c(c(C)c1OC(C)=O)C(S(=O)(=O)O)C=C1[C@@]2(C)CC[C@@]2(C)[C@@H]3C[C@](C)(C(=O)O)CC[C@]3(C)CC[C@]12C,CHEMBL4280964,COLO 205,IC50
245,0.0,CC(=O)N1N=C(c2ccc(Br)cc2)CC1c1ccc(C(=O)OC(C)Cn2c([N+](=O)[O-])cnc2C)cc1,CHEMBL3747776,MCF-7,IC50
246,0.0,CC(=O)Oc1ccc([C@@H]2Oc3ccccc3[C@H](c3ccc(OCCN4CCCCC4)cc3)[C@H]2c2ccccc2)cc1,CHEMBL595747,MDA-MB-231,IC50
247,0.0,CC(C)OC(=O)OCOP(=O)(OCOC(=O)OC(C)C)C(Cc1ccc(Cl)c(Cl)c1)P(=O)(OCOC(=O)OC(C)C)OCOC(=O)OC(C)C,CHEMBL212842,MCF-7,IC50
248,0.0,CCCCCCCCCCCC(=O)O[C@H]1[C@@H](C)C[C@]2(OC(C)=O)C(=O)/C(C)=C/[C@@H]3[C@H](CC/C(C)=C/[C@@H]12)C3(C)C,CHEMBL2315614,HT-29,IC50
249,0.0,CN1CCN(CCOc2ccc3c4c(nccc24)-c2ccccc2C3=O)CC1,CHEMBL1770207,MCF-7,IC50
250,0.0,COc1ccc(C(=O)C[n+]2ccn(Cc3c(-c4ccccc4)oc4ccccc34)c2)cc1.[Br-],CHEMBL2409240,SW480,IC50
251,0.0,COc1ccc2c(c1)C1(C(=O)N2)C2C(=O)N(c3ccccc3)C(=O)C2CN1C,CHEMBL1929322,MCF-7,IC50
252,0.0,CCCCCCCCCCCNC[C@@H]1OC[C@H](N)[C@H]1O,CHEMBL4213237,MCF-7,IC50
253,0.0,C=C1C(=O)[C@]23[C@H](OC(=O)CCCC(=O)N[C@@H](Cc4ccc(N(CCCl)CCCl)cc4)C(=O)OC)[C@H]1CC[C@H]2[C@@]12CO[C@@]3(O)[C@@H](O)[C@@H]1C(C)(C)CC[C@@H]2O,CHEMBL3323217,MCF-7,IC50
254,0.0,Cc1ccc(C(=O)c2cc(F)c(OCC(=O)NNC(=O)c3ccc(=O)oc3)c(Cl)c2)cc1,CHEMBL4294580,A549,IC50
255,0.0,COc1ccc2cc([C@H](C)C(=O)NCCC[Se]C(F)(F)F)ccc2c1,CHEMBL4788116,MCF-7,IC50
256,0.0,COCCNc1cc(NC(=O)c2cn(C)c3cc(Br)c(C=O)nc23)ncc1C#N,CHEMBL5220583,NCI-H1299,IC50
257,0.0,COc1ccc2nc(-c3ccc(C)cc3)[nH]c(=O)c2c1,CHEMBL5076640,MDA-MB-468,IC50
258,0.0,COc1cc(/C=C/C(=O)c2ccccc2)ccc1OCc1cn(C2C(=O)N(c3ccc(C)cc3)C2/C=C/c2ccccc2)nn1,CHEMBL1928632,Caco-2,IC50
259,1.0,O=C(Nc1ccccc1Br)c1ccc(-n2cc(COc3cc(=O)oc4ccccc34)nn2)cc1,CHEMBL4554812,MDA-MB-231,IC50
260,0.0,COc1cc2c(cc1OC)[C@@H]1c3cccc(OC)c3N(CCCn3c(C)[n+](CC(=O)c4ccc5ccccc5c4)c4ccccc43)C[C@@H]1C2.[Br-],CHEMBL4535473,A549,IC50
261,0.0,CCOc1cc2ncc(C#N)c(Nc3ccc(F)c(Cl)c3)c2cc1NC(=O)/C=C/CN(C)C,CHEMBL607707,SW-620,IC50
262,1.0,COc1ccc(-c2cnc(C(=O)Nc3ccc(O)cc3)o2)cc1F,CHEMBL4871731,A549,IC50
263,0.0,O=C(O)c1ccc(CN2C(=O)S/C(=C\c3ccc(Br)cc3)C2=O)cc1,CHEMBL2236295,HT-29,IC50
264,0.0,C[C@]12CC=C3c4ccccc4CC[C@H]3N1CCC2,CHEMBL4093218,MCF-7,IC50
265,0.0,CC1=C(CO)C(=O)O[C@@H]([C@@H](C)[C@H]2CC[C@H]3[C@@H]4C[C@H](Cl)[C@]5(O)[C@@H](O)C=CC(=O)[C@]5(C)[C@H]4CC[C@]23C)C1,CHEMBL2047417,A549,IC50
266,0.0,Cc1ccc2c(c1)[C@H]1Nc3cccnc3[C@@H](c3ccccc3)[C@@H]1CO2,CHEMBL4470874,A549,IC50
267,0.0,O=C(N/N=C/c1ccc(O)c(Br)c1)Nc1ccc(-c2nc(N3CCOCC3)c3sccc3n2)cc1,CHEMBL3343736,MDA-MB-231,IC50
268,1.0,C=CCOc1cc2c(cc1OC)[C@@]1(CS[C@@H]3c4c(OC(C)=O)c(C)c5c(c4[C@@H](COC1=O)N1[C@@H]3[C@H]3c4c(cc(C)c(OC)c4O)C[C@@H]([C@@H]1C#N)N3C)OCO5)NCC2,CHEMBL1808805,HCT-116,IC50
269,1.0,COc1cc2c3c(c4ccc(NS(C)(=O)=O)cc4c2cc1OC)CN1CCC[C@@H]1C3,CHEMBL3623794,HCT-116,IC50
270,0.0,O=C(NCc1ccc(CO)cc1)c1c[nH]c2ccc(Cl)cc12,CHEMBL4527356,DLD-1,IC50
271,0.0,CN(C)CCN1C(=O)c2cccc3c(-n4cccn4)ccc(c23)C1=O,CHEMBL3104383,MCF-7,IC50
272,0.0,CC(C)c1cc2c(cc1S(=O)(=O)N[C@H](Cc1ccccc1)C(=O)Nc1ccccc1)[C@@]1(C)CCC[C@@](C)(C(=O)N[C@H](Cc3ccccc3)C(=O)Nc3ccccc3)[C@@H]1CC2,CHEMBL4206886,NCI-H460,IC50
273,0.0,CC(=O)c1ccc(-c2ccc(N3CCCC3)nn2)cc1,CHEMBL4461861,Caco-2,IC50
274,0.0,CSC(=S)NCc1cc2c([nH]c3ccccc32)c(-c2ccc(F)cc2)n1,CHEMBL3604580,MCF-7,IC50
275,1.0,O=S(=O)(c1ccccc1)c1nc2ccccc2nc1N1CCC(O)CC1,CHEMBL2018677,A549,IC50
276,0.0,COc1cc(-c2cn(-c3c(O)c(F)cc(F)c3F)nn2)ccc1O,CHEMBL201754,MDA-MB-231,IC50
277,0.0,CC(=O)c1cccc(-n2cc(CO[C@H]3O[C@@H]4O[C@@]5(C)O[C@]46[C@@H](CC[C@@H](C)[C@@H]6C[C@H]5O)[C@H]3C)nn2)c1,CHEMBL4449597,A549,IC50
278,0.0,O=C(c1cn(Cc2cccc(Oc3ccccc3)c2)nn1)N1CCN(S(=O)(=O)c2ccc(Cl)cc2)CC1,CHEMBL4780045,MCF-7,IC50
279,0.0,COc1cc(/C=C/C2=Nc3ccccc3C2(C)C)cc(OC)c1OC,CHEMBL2435230,MCF-7,IC50
280,0.0,CNC(=O)c1nn(C)c2c1C(C)(C)Cc1cnc(Nc3ccccc3)nc1-2,CHEMBL4283123,MCF-7,IC50
281,1.0,COc1cc([C@@H]2c3cc4c(cc3[C@H](OC(=O)NS(=O)(=O)NC3CCCCC3)[C@H]3COC(=O)[C@H]23)OCO4)cc(OC)c1OC,CHEMBL4086283,A549,IC50
282,0.0,C[C@H]1[C@H](C)CC[C@]2(C(=O)O)CC[C@]3(C)C(=CC[C@@H]4[C@@]5(C)Cc6sc(N7CCCC7)nc6C(C)(C)[C@@H]5CC[C@]43C)[C@H]12,CHEMBL4440669,HCT-116,IC50
283,0.0,COc1ccc(CCc2ccc3ccccc3c2)cc1O,CHEMBL86108,HT-29,IC50
284,0.0,CN(C)CCN1C(=O)c2cccc3c(-n4cc(-c5ccccc5)cn4)ccc(c23)C1=O,CHEMBL3104384,MCF-7,IC50
285,0.0,CC[C@@]1(OC(=O)NCCOCCOCCO[C@@H]2O[C@H](CO)[C@@H](O)[C@H](O)[C@@H]2O[C@H]2O[C@H](CO)[C@@H](O)[C@H](OC(C)=O)[C@H]2O)C(=O)OCc2c1cc1n(c2=O)Cc2cc3ccccc3nc2-1,CHEMBL4784463,HCT-116,IC50
286,0.0,Cc1ncc([N+](=O)[O-])n1CCSc1nnc(-c2ccncc2)o1,CHEMBL2348565,MCF-7,IC50
287,0.0,CO[C@H]1/C=C\C=C(/C)C(=O)NC2=CC(=O)C(NCc3ccc(C)cc3)=C(C[C@@H](C)C[C@H](OC)[C@H](O)[C@@H](C)/C=C(\C)[C@@H]1OC(N)=O)C2=O,CHEMBL3327116,MDA-MB-231,IC50
288,0.0,CC(=O)O[C@@H]1C[C@H]2[C@@H](CC[C@@H]3C[C@@H](O[C@H]4C[C@H](O)[C@H](O[C@H]5C[C@H](O)[C@H](O[C@H]6C[C@H](O)[C@H](O)[C@@H](C)O6)[C@@H](C)O5)[C@@H](C)O4)CC[C@@]32C)[C@@]2(O)CC[C@H](C3=CC(=O)OC3)[C@@]12C,CHEMBL4645702,MDA-MB-231,IC50
289,0.0,NNC(=O)c1cc(-c2ccccc2)nn1CC(O)COc1ccc(Cl)cc1,CHEMBL520261,A549,IC50
290,0.0,C[C@H](CCC(=O)OCc1cc(O)cc(O)c1)[C@H]1CC[C@H]2[C@@H]3[C@H](O)C[C@@H]4C[C@H](O)CC[C@]4(C)[C@H]3CC[C@]12C,CHEMBL5208442,HT-29,IC50
291,0.0,COc1cc(OC)c(-c2cn3cc(NCCN)c(N4CCOCC4)c(F)c3n2)cc1Cl,CHEMBL4544958,HCT-116,IC50
292,0.0,C[C@@H]1O[C@@H](OCC#Cc2c(-c3ccccc3)sc3ccccc23)CC[C@H]1O,CHEMBL1689669,HT-29,IC50
293,0.0,C=C(C)[C@@H]1CC[C@]2(C(=O)O)CC[C@]3(C)[C@H](CC[C@@H]4[C@@]5(C)CC[C@H](O)[C@@](C)(COC(=O)C6CCCCC6)[C@@H]5CC[C@]43C)[C@@H]12,CHEMBL4516934,MCF-7,IC50
294,0.0,COc1cc2c(Oc3ccc(NC(=O)c4cc5cccnc5n(-c5ccc(C(F)(F)F)cc5Cl)c4=O)cc3F)ccnc2cc1OCCCN1CCOCC1,CHEMBL4278697,A549,IC50
295,0.0,COC(C)(C)CCC[C@@](C)(O)[C@H]1CC[C@]2(C)[C@@H]1[C@H](O)C[C@@H]1[C@@]3(C)CC[C@H](OC(=O)c4ccccc4[N+](=O)[O-])C(C)(C)[C@@H]3CC[C@]12C,CHEMBL4555030,MCF-7,IC50
296,0.0,C[C@H]1[C@H](OC(=O)CCC(=O)OCCCn2cc(C#N)nc2Cl)O[C@@H]2O[C@@]3(C)CC[C@H]4[C@H](C)CC[C@@H]1[C@@]24OO3,CHEMBL4532288,A549,IC50
297,0.0,Cc1ccc(NC(=O)Cc2cccc(-c3ccc4c(NC(=O)C5CC5)n[nH]c4c3)c2)cc1C(F)(F)F,CHEMBL4857731,A549,IC50
298,0.0,COc1ccc(/C=C/C(=O)/C=C(O)/C=C/c2ccc(OC)c(OC)c2)cc1OC,CHEMBL128748,MDA-MB-231,IC50
299,1.0,COc1ccc(CN(C(=O)CSc2nc3ccccc3s2)c2cc(OC)c(OC)c(OC)c2)cc1N=[N+]=[N-],CHEMBL4780947,HCT-116,IC50
300,1.0,C[C@H]1COCCN1c1nc(-c2cnc(N)cc2F)cc(C2(S(C)(=O)=O)CC2)n1,CHEMBL4211915,MCF-7,IC50
301,0.0,Cc1coc2c1C(=O)C1=C(C2=O)[C@@]23CCCC(C)(C)[C@@H]2C[C@@H]1OC3=O,CHEMBL1079540,A549,IC50
302,0.0,CC1CCN(C2CCN(S(=O)(=O)c3ccc([N+](=O)[O-])c(C(F)(F)F)c3)CC2)CC1,CHEMBL4461721,DLD-1,IC50
303,0.0,C[C@@H]1CC[C@@]2(OC1)O[C@H]1C[C@H]3[C@@H]4CC[C@H]5C[C@@H](O)CC[C@]5(C)[C@H]4C/C(=N\NC(=O)Nc4ccc(Cl)cc4)[C@]3(C)[C@H]1[C@@H]2C,CHEMBL4209462,BT-474,IC50
304,0.0,CCCC[n+]1ccn(C(c2ccccc2)c2ccc3oc4ccccc4c3c2)c1.[I-],CHEMBL2408532,SW480,IC50
305,1.0,C[C@H](CO)CN1[C@H](c2ccc(/C=C/C(=O)O)cc2)c2[nH]c3ccccc3c2C[C@H]1C,CHEMBL3622999,MCF-7,IC50
306,1.0,COc1cc([C@@H]2c3cc4c(cc3[C@@H](Nc3ccc5ccc6cccc7ccc3c5c67)[C@H]3COC(=O)[C@H]23)OCO4)cc(OC)c1OC,CHEMBL1288631,A549,IC50
307,0.0,O=C(c1cccs1)c1[nH]c2cc(Cl)ccc2c1Nc1nc(N2CCOCC2)ncc1[N+](=O)[O-],CHEMBL4099454,MCF-7,IC50
308,0.0,COc1cc2c(Nc3ccc(NC(=O)c4ccccc4)cc3)ncnc2cc1OCCN1CCCCC1,CHEMBL3759155,NCI-H460,IC50
309,1.0,CC/C=C\C(=O)Nc1cc(Nc2nc3c(c(-c4cn(C)c5ccc(F)cc45)n2)CSCC3)c(OC)cc1N(C)CCN(C)C,CHEMBL4476689,A549,IC50
310,0.0,Cc1ccc(NC(=O)c2ccc(/N=N\c3c[nH]c4ccccc34)cc2)cc1,CHEMBL2296641,MCF-7,IC50
311,0.0,C[C@]12C(=O)O[C@@H]3C[C@H]4c5occc5C(=O)C[C@H]4[C@@]4(CO[C@]1(O)C[C@@H]4O)[C@@H]32,CHEMBL3581402,MDA-MB-231,IC50
312,0.0,COc1ccc(-c2ccnc(Nc3ccc(C(N)=O)cc3)n2)cc1,CHEMBL4102688,A549,IC50
313,0.0,COc1ccc(C(=O)Nc2nc(-c3c(C)cc(C)cc3C)cs2)c(OC)c1,CHEMBL512171,MDA-MB-231,IC50
314,0.0,CC(C)C(CO)Nc1nc(NCc2cccc(O)c2)c2ncn(C(C)C)c2n1,CHEMBL84944,MCF-7,IC50
315,0.0,COc1cc2c(cc1CC=C(C)C)/C(=N/O)C[C@@H](c1ccc(O)cc1)O2,CHEMBL4169330,MCF-7,IC50
316,0.0,CC(=O)O[C@H]1CC[C@@]2(C)C(=CC[C@@H]3[C@@H]2CC[C@]2(C)C(=C(/C#N)C(N)=O)/C(=C/c4ccc(Cl)c(Cl)c4)C[C@@H]32)C1,CHEMBL2414389,MCF-7,IC50
317,0.0,O=C1ON=C2COc3ccc(-c4ccccc4)cc3C=C12,CHEMBL3127301,A549,IC50
318,0.0,CCCCCCN(CCCNc1c2ccc(Cl)cc2nc2ccc(OC)cc12)CCCNc1c2ccc(Cl)cc2nc2ccc(OC)cc12,CHEMBL267776,COLO 205,IC50
319,1.0,COc1cc(C(=O)c2cccc(-c3cccc(N)c3)n2)cc(OC)c1OC,CHEMBL4467383,MDA-MB-231,IC50
320,0.0,O=C(O)CC[C@H](NC(=O)Oc1ccc(N(CCBr)CCBr)c(F)c1)C(=O)O,CHEMBL146313,LoVo,IC50
321,1.0,CO[C@H]1C(=O)[C@]2(C)[C@@H](OC(=O)N(C)C)C[C@H]3OC[C@@]3(OC(C)=O)[C@H]2[C@H](OC(=O)c2ccccc2)[C@]2(O)C[C@H](OC(=O)[C@H](O)[C@@H](NC(=O)c3ccccc3)c3ccccc3)C(C)=C1C2(C)C,CHEMBL3098546,MCF-7,IC50
322,0.0,COc1ccc2c(c1)c(/C=C1\Oc3cc(O)cc(O)c3C1=O)c(C)n2CCCN1CCN(C)CC1,CHEMBL1093448,Caco-2,IC50
323,0.0,O=C(N[C@H](COC(=O)[C@@H](Cc1ccccc1)NC(=O)c1cccc(O)c1)Cc1ccccc1)c1ccccc1,CHEMBL1957997,MCF-7,IC50
324,0.0,O=C1c2cc(Br)ccc2OCC1c1ccccc1,CHEMBL2011189,MCF-7,IC50
325,0.0,CONC(=O)[C@H]1CC=C(CCC=C(C)C)C[C@@H]1c1ccccc1,CHEMBL4640382,MCF-7,IC50
326,0.0,COc1cc(OC)c(OC)cc1/C=C/C(=O)N1CCC=CC1=O,CHEMBL4088441,MCF-7,IC50
327,1.0,C=C1C=CC(=O)[C@@H]2[C@H](Cc3ccc(OCOC)c(F)c3)CC[C@H]12,CHEMBL2204302,MCF-7,IC50
328,0.0,CCN(CC)CCCn1c(=O)c(=Cc2ccc(O)cc2)s/c1=C1\C(=O)Nc2ccc(C)cc21,CHEMBL1807672,MDA-MB-231,IC50
329,0.0,CCNP(=O)(OC[C@H]1O[C@@H](n2cc(F)c(=O)[nH]c2=O)C[C@@H]1O)Oc1ccc(Cl)cc1,CHEMBL3787373,MCF-7,IC50
330,0.0,O=c1cc2n(-c3ccccc3)nc(-c3ccccc3)nc-2cc1N1CCCC1,CHEMBL2153004,MCF-7,IC50
331,0.0,CC(=O)OC[C@]12CC[C@H]3[C@@H](C[C@@H]4O[C@@]45CC=CC(=O)[C@]35C)[C@]1(O)CC[C@@]2(O)[C@@](C)(O)[C@H]1CC(C)=C(C)C(=O)O1,CHEMBL3605566,NCI-H460,IC50
332,0.0,CC(=O)OC[C@@]1(C)[C@@H]2CC[C@]3(C)[C@H](CC=C4[C@@H]5[C@@H](C)[C@H](C)CC[C@]5(C(=O)NCc5cn(-c6cccc(F)c6)nn5)CC[C@]43C)[C@@]2(C)C[C@@H](OC(C)=O)[C@@H]1OC(C)=O,CHEMBL4553112,NCI-H460,IC50
333,0.0,CO[C@H]1CC=C2C(=O)c3c(cc(C)c(-c4c(C)cc5c(c4O)C(=O)C4=CC[C@H](OC)[C@@H](O)[C@]4(C)O5)c3O)O[C@@]2(C)[C@@H]1O,CHEMBL499739,MCF-7,IC50
334,0.0,COc1cc(NC(C)CCCNC(=O)NCC2CCCCC2)c2ncccc2c1,CHEMBL455391,MCF-7,IC50
335,1.0,COc1ccc(-c2oc3c(OC)c(OC)c(OC)c(O)c3c(=O)c2OC)cc1N,CHEMBL1643903,HCT-15,IC50
336,0.0,COc1ccc([C@@H]2[C@@H](CO)C(=O)N2c2cc(OC)c(OC)c(OC)c2)cc1O,CHEMBL4285297,MDA-MB-231,IC50
337,0.0,C[C@H]1O[C@@H](O[C@H]2CC[C@]3(C)[C@H]4CC[C@]5(C)[C@@H](C6=CC(=O)OC6)CC[C@]5(O)[C@@H]4CC[C@]3(O)C2)C[C@H](O)[C@@H]1O[C@@H]1O[C@H](CO)[C@@H](O)[C@H](O)[C@H]1O,CHEMBL4443808,MCF-7,IC50
338,1.0,COc1c(Cl)c2c(c(OC)c1OC)-c1ccc(OC)c(=O)cc1[C@@H](NC(=O)N(C)C)CC2,CHEMBL3134540,A549,IC50
339,0.0,CC[C@H]1C[C@H]2C[C@@]3(C(=O)OC)c4c(c5cc(OC)ccc5n4CC4=C[C@@]5(CCO)CC(C(=O)OC)=C6Nc7ccccc7[C@@]67CCN(C4)[C@@H]57)CCN([C@@H]2O)[C@@H]13,CHEMBL1079126,NCI-H226,IC50
340,0.0,O=C1C[C@@H](S)[C@H](O)[C@H]2[C@@H]1C[C@@]13SS[C@]4(C[C@@H]5C(=O)C[C@@H](S)[C@H](O)[C@@H]5N4C1=O)C(=O)N23,CHEMBL515973,HCT-116,IC50
341,0.0,CO[C@H]1/C=C\C=C(/C)C(=O)NC2=CC(=O)C(NCc3cncn3C)=C(C[C@@H](C)C[C@H](OC)[C@H](O)[C@@H](C)/C=C(\C)[C@@H]1OC(N)=O)C2=O,CHEMBL3327128,MDA-MB-231,IC50
342,0.0,O=C(N/N=C/c1ccc([N+](=O)[O-])cc1)c1cc2c([nH]c3ccccc32)c(-c2ccccc2)n1,CHEMBL571146,MCF-7,IC50
343,0.0,COc1ccc(-c2nnc(-c3c[nH]c4ccccc34)s2)cc1OC,CHEMBL1253967,MDA-MB-231,IC50
344,0.0,O=C(N/N=C/c1ccccc1)Nc1ccc(Oc2ccnc3[nH]ccc23)cc1,CHEMBL4289359,MCF-7,IC50
345,0.0,Cc1ncc(-c2ccnc(Nc3ccc(C(=O)N4CCN(C)CC4)cc3)n2)n1C(C)C,CHEMBL455467,LoVo,IC50
346,0.0,COC(=O)/C(=C/c1ccc([N+](=O)[O-])cc1)C[P+](c1ccc(OC)cc1)(c1ccc(OC)cc1)c1ccc(OC)cc1.[Br-],CHEMBL4878635,MCF-7,IC50
347,0.0,Nc1nccn2c1c(-c1ccc3ccc(-c4ccccc4)nc3c1)nc2[C@H]1C[C@@H](CN2CCC2)C1,CHEMBL410659,NCI-H358,IC50
348,0.0,COc1c(-c2cc(-c3ccc(C)o3)[nH]c(=S)n2)c(O)c(Br)c2occc12,CHEMBL4483376,MCF-7,IC50
349,0.0,CC(C)C[C@@H](NC(=S)Nc1cc(C(F)(F)F)cc(C(F)(F)F)c1)c1nc2ccccc2[nH]1,CHEMBL3338771,MCF-7,IC50
350,0.0,COc1cc2nccc(Oc3ccc(NC(=O)NS(=O)(=O)Cc4ccc(Cl)cc4Cl)cc3F)c2cc1OC,CHEMBL4537474,HT-29,IC50
351,0.0,Nc1nc(Cl)nc2c1ncn2[C@@H]1O[C@H](CO)[C@@H](O)[C@@H]1F,CHEMBL1750,MCF-7,IC50
352,0.0,COc1cc(OC)c2cc(-c3ccc(O)cc3)c(=O)n(C)c2c1,CHEMBL315414,MCF-7,IC50
353,1.0,COc1cc2c3c(c1O)-c1cc(ccc1O)CC/C=C\[C@@H]3C([C@@H]1C3=CC(=O)[C@]14C(=O)Oc1ccc(cc14)CC/C=C\C=C\C3)=C2,CHEMBL5193855,HCT-116,IC50
354,0.0,NS(=O)(=O)c1ccc(/N=C2\NC(=O)/C(=C3/C(=O)Nc4ccc(Cl)cc43)S2)cc1,CHEMBL4208858,Caco-2,IC50
355,0.0,C[C@H](Nc1c(-c2ccc(F)cc2F)c(Cl)nc2ncnn12)C(F)(F)F,CHEMBL219091,COLO 205,IC50
356,0.0,COc1ccc(OC)c(NC2=CC(=O)c3ncccc3C2=O)c1,CHEMBL3331093,MDA-MB-231,IC50
357,0.0,COc1ccc(OC)c2c(OC)c(/C=C/C(=O)c3ccc4ccccc4c3O)cc(OC)c12,CHEMBL4445947,MDA-MB-231,IC50
358,0.0,CCCCCCCCCCn1cc([C+](c2cn(CCCCCCCCCC)c3ccccc23)c2cn(CCCCCCCCCC)c3ccccc23)c2ccccc21.CS(=O)(=O)[O-],CHEMBL1253721,HCT-116,IC50
359,0.0,COc1cc(C(=O)NC2CCCN(c3cc(C)nc4nc(SCc5cccc(Br)c5)nn34)C2)cc(OC)c1OC,CHEMBL4749128,MCF-7,IC50
360,0.0,O=C(Nc1cc(F)cc(F)c1)c1ccnc(C(=O)Nc2cc(F)cc(F)c2)c1,CHEMBL228931,MCF-7,IC50
361,0.0,O=S(=O)(Nc1ccccn1)c1ccc(N/C(S)=N\c2ccnc3cc(C(F)(F)F)ccc23)cc1,CHEMBL2435715,LoVo,IC50
362,0.0,N#Cc1ccc2[nH]cc(C(c3ccc([N+](=O)[O-])cc3)c3c[nH]c4ccc(C#N)cc34)c2c1,CHEMBL3347646,MCF-7,IC50
363,0.0,C=CCc1c(OC)cc2c(c1O)C(=O)CC(c1ccccc1)O2,CHEMBL1093177,SK-BR-3,IC50
364,0.0,N#Cc1c(Nc2ccccc2F)nc(SCc2cn(Cc3ccccc3Cl)nn2)nc1-c1ccccc1,CHEMBL3330551,MCF-7,IC50
365,1.0,CN[C@@H](C)C(=O)N[C@H](C(=O)N1Cc2cc(N[C@H]3C[C@@H](C(=O)N[C@@H]4CCCc5ccccc54)N(C(=O)[C@@H](NC(=O)[C@H](C)NC)C(C)(C)C)C3)ccc2C[C@H]1C(=O)N[C@@H]1CCCc2ccccc21)C(C)(C)C,CHEMBL3410877,MDA-MB-231,IC50
366,1.0,COc1ccc(N(C)c2cc(=O)oc3ccccc23)cc1O,CHEMBL4444361,HCT-116,IC50
367,0.0,O=C1/C(=C/c2ccncc2)CN(C(=O)c2cc(Cc3n[nH]c(=O)c4ccccc34)ccc2F)C/C1=C\c1ccncc1,CHEMBL4641362,MDA-MB-231,IC50
368,0.0,CCCCn1c2cc(OCCCCn3c4ccccc4c4ccncc43)ccc2c2ccnc(C)c21.Cl,CHEMBL4169937,MCF-7,IC50
369,1.0,c1ccc(/C(=N\Nc2nc3ccccc3o2)c2ccccn2)cc1,CHEMBL386863,HT-29,IC50
370,0.0,CCCC/C=C\CCCCCCCCCc1cc(=O)c2c(O)cc(O)c(C)c2o1,CHEMBL5073043,MCF-7,IC50
371,1.0,O=Cc1cn(Cc2cccc(F)c2)c2ccccc12,CHEMBL1558336,NCI-H460,IC50
372,0.0,CC[C@@]1(OC(=O)NCCO[C@@H]2O[C@H](COC(C)=O)[C@@H](OC(C)=O)[C@H](OC(N)=O)[C@@H]2OC(C)=O)C(=O)OCc2c1cc1n(c2=O)Cc2cc3ccccc3nc2-1,CHEMBL4800435,HCT-116,IC50
373,0.0,COC(=O)c1ccc2c(=O)c3cc(O)cc(C(=O)O)c3oc2c1O,CHEMBL3422275,A549,IC50
374,0.0,CC[C@@]1(O)C(=O)OCc2c1cc1n(c2=O)[C@@H](F)c2cc3ccccc3nc2-1,CHEMBL518029,NCI-H460,IC50
375,0.0,COc1ccc(Cn2ccc3c2-c2[nH]c(=O)c(S(=O)(=O)c4ccccc4)cc2CC3)cc1,CHEMBL1173460,LoVo,IC50
376,0.0,O=C1c2c(c3c4cccc(O)c4n(C4OC(CO)C(O)C(O)C4O)c3c3[nH]c4ccccc4c23)C(=O)N1NC(CO)CO,CHEMBL432622,DLD-1,IC50
377,0.0,COc1ccc(-c2ccc3c4c(cccc24)C(=O)N(CCN(C)C)C3=O)cc1,CHEMBL2443052,SK-BR-3,IC50
378,0.0,FC(F)(F)c1ccc2c(c1)nc1n2CCOc2ccccc2-1,CHEMBL3401258,A549,IC50
379,0.0,COc1cc(OC)c(-c2cn3ccc(N4CCN(CCN5CCOCC5)CC4)cc3n2)cc1Br,CHEMBL4569911,HCT-116,IC50
380,0.0,O=C(c1cc(Cc2n[nH]c(=O)c3ccccc23)ccc1F)N1CCc2nc(N3CCCCC3)ncc2C1,CHEMBL5196230,SK-BR-3,IC50
381,0.0,Cc1ccc(CC(=O)Nc2ccc3[nH]c(-c4ccc(Cl)cc4)nc3c2)cc1,CHEMBL4471675,A549,IC50
382,0.0,CO[C@@]12Cc3ccc(cc3)O[C@H]3[C@@H]4[C@H]5C(=O)[C@](C[C@@H](O)[C@@]5(C)C=C(C)[C@H]4[C@]4(C)C[C@H](C)C[C@H](C)[C@@H]34)(C1)C(=O)N2,CHEMBL4764487,A549,IC50
383,0.0,O=C(O)c1cc(-c2ccc(-c3ccc(F)nc3)cc2)nc2ccccc12,CHEMBL4224698,HCT-116,IC50
384,0.0,Cc1nnc2c(=O)n(C3CCCC3)c3nc(Nc4ccc(N5CCC(O)CC5)cc4)ncc3n12,CHEMBL4586366,HCT-116,IC50
385,1.0,Cc1cc(OCc2nnc(SC3CCCC3)n2-c2cccnc2)ccc1-c1ccc(S(C)(=O)=O)cc1,CHEMBL2311578,HCT-116,IC50
386,1.0,O=C(Nc1n[nH]c2cc(C(=O)N[C@H](CN3CCCC3)c3ccccc3)sc12)c1ccc(N2CCOCC2)cc1,CHEMBL1258913,MCF-7,IC50
387,0.0,O=C(CSc1nc2ccccc2c(=O)n1-c1ccccc1)N1CCOCC1,CHEMBL4753497,MCF-7,IC50
388,0.0,Nc1ccc2sc(NC(=S)NC(=O)c3ccccc3)nc2c1,CHEMBL1096565,MCF-7,IC50
389,1.0,COc1ccc(-c2[nH]nc3c2C(=O)c2c(NC(=O)NNC(=O)c4ccccc4)cccc2-3)cc1,CHEMBL362756,HCT-116,IC50
390,0.0,COc1cccc(-c2cc(C(=O)Nc3cc4ccc(OC5CCN(C)CC5)c(C)c4oc3=O)ccc2OC(C)=O)c1,CHEMBL2326110,SK-BR-3,IC50
391,0.0,COc1ccc(C2=NN(c3nc(-c4ccc(Cl)cc4)c(C#N)c(=O)n3C)C(c3ccc(OC)cc3)C2)cc1,CHEMBL3086621,MDA-MB-231,IC50
392,0.0,Cc1ccc(NCn2nc(-c3ccc4ccccc4n3)oc2=S)cc1,CHEMBL2312622,MCF-7,IC50
393,0.0,Cc1ccccc1C(=O)NNC(=O)c1ccccc1NS(=O)(=O)c1cnc(O)nc1O,CHEMBL4175594,MDA-MB-231,IC50
394,0.0,C=C1C(=O)O[C@H]2[C@H]1CCC(/C=N/NC(=O)NC(C)(C)C)=C\CC[C@@]1(C)O[C@@H]21,CHEMBL4637814,HCT-116,IC50
395,0.0,COc1ccc(O)c(C(=O)/C=C/c2ccc(C)s2)c1,CHEMBL517808,HT-29,IC50
396,1.0,COc1ccc2c3c(c4cc(OC)c(OC)cc4c2c1)C[C@H]1CCCCN1C3,CHEMBL198075,HCT-15,IC50
397,0.0,O=C(Cn1c(-c2ccco2)nc2ccccc21)N/N=C/c1ccccc1Cl,CHEMBL4164946,MCF-7,IC50
398,0.0,Cc1cc(NC(=O)Nc2ccc(N(CCCl)CCCl)cc2)c2cc(N3CCCC3)ccc2n1,CHEMBL600027,HCT-116,IC50
399,0.0,Oc1ccccc1-c1cc(-c2ccoc2)cc(-c2cccc(Cl)c2)n1,CHEMBL3780938,T47D,IC50
400,0.0,COc1cc(/C=C2\C(=O)c3cc(O)ccc3OC2c2ccc(O)c(OC)c2)ccc1O,CHEMBL2236357,A549,IC50
401,0.0,O=C(NC1CC1)c1cc(Oc2cccc(NC(=S)Nc3cccc(C(F)(F)F)c3)c2)ccn1,CHEMBL2158757,MDA-MB-231,IC50
402,0.0,O=C1c2ccccc2C(=O)C12N1CSC[C@@H]1[C@@H](c1ccc(F)cc1)[C@@]21CSc2ccccc2C1=O,CHEMBL4788300,HT-29,IC50
403,1.0,Nc1ccccc1NC(=O)CCCCCN1C(=O)c2cccc3c(Br)ccc(c23)C1=O,CHEMBL97231,HCT-116,IC50
404,0.0,O=C(c1cn(Cc2ccc(I)cc2)nn1)N1CCN(S(=O)(=O)c2ccc(Cl)cc2)CC1,CHEMBL4785310,BT-474,IC50
405,0.0,CCCCCCCCC(CCO)n1cnc2c(N)ncnc21,CHEMBL4852179,HCT-116,IC50
406,1.0,COc1ccc(-c2ccnn2-c2cc(OC)c(OC)c(OC)c2)cc1N,CHEMBL295543,NCI-H460,IC50
407,0.0,C[C@H]1[C@@H](OCc2cn(-c3ccc(C#N)cc3)nn2)O[C@@H]2O[C@@]3(C)CC[C@H]4[C@H](C)CC[C@@H]1[C@@]24OO3,CHEMBL4441205,COLO 205,IC50
408,0.0,COc1ccccc1NC(=O)[C@H](Cc1ccccc1)NC(=O)[C@]1(C)CCC[C@]2(C)c3cc(S(=O)(=O)O)c(C(C)C)cc3CC[C@@H]12,CHEMBL4207344,MCF-7,IC50
409,0.0,CCS(=O)(CC)=Nc1cc(N2CCOC[C@H]2C)nc2c(-c3ccn[nH]3)nccc12,CHEMBL4639847,HT-29,IC50
410,0.0,CC(=O)Nc1ccc(Sc2nc(C)cc(Nc3cc(C)[nH]n3)n2)cc1,CHEMBL562497,COLO 205,IC50
411,1.0,Cc1c(COC(=O)NC(C)C)c(COC(=O)NC(C)C)c2n1Cc1ccccc1C2,CHEMBL1643051,HCT-116,IC50
412,0.0,CO[C@H]1[C@@H](OC(C)=O)[C@@H](C)O[C@@H](O[C@H]2CC[C@]3(C=O)[C@H]4CC[C@]5(C)[C@@H](C6=CC(=O)OC6)CC[C@]5(O)[C@@H]4CC[C@]3(O)C2)[C@@H]1OC,CHEMBL4099056,HT-29,IC50
413,0.0,COC1=CC(c2ccc[nH]2)=N/C1=C\c1[nH]c(-c2ccc[nH]2)cc1OC,CHEMBL377290,HT-29,IC50
414,0.0,CCc1ccc2ccc3nc(N)nc(O)c3c2c1,CHEMBL307237,SW480,IC50
415,0.0,CC1(C)C=Cc2c(cc(O)c3c(=O)c4ccccc4[nH]c23)O1,CHEMBL454569,A549,IC50
416,0.0,CC(C)(C)OC(=O)n1cc(CNC(=S)N2CCCCC2)c2ccccc21,CHEMBL2442589,A549,IC50
417,0.0,O=[N+]([O-])c1ccc(S(=O)(=O)N2CC(n3cnc4c(Cl)ncnc43)OCc3ccccc32)cc1,CHEMBL269938,MCF-7,IC50
418,0.0,Cl.Clc1ccc(-n2cc(COc3ccc(-c4nc5ccccc5[nH]4)cc3)nn2)cc1,CHEMBL4161727,A549,IC50
419,0.0,CNC(=O)Cn1nc(C)c2c(C)c3ccccc3nc21,CHEMBL4101088,COLO 205,IC50
420,0.0,CCCCCC/C=C/CCCCCCCc1cc(O)cc(O)c1,CHEMBL221899,MCF-7,IC50
421,0.0,Clc1ccc(-c2cc3c(N4CC5CCC(C4)N5)ncnc3s2)cc1Cl,CHEMBL5169526,HCT-116,IC50
422,1.0,CN(C)CCN(C)c1nc(Nc2ccc(F)cc2)nc2cnc(Nc3ccc(N4CCC(N(C)C)CC4)cn3)cc12,CHEMBL4204983,A549,IC50
423,1.0,CC(=NNC(=S)Nc1cccc(Cl)c1)c1ccccn1,CHEMBL1725990,MCF-7,IC50
424,0.0,N[C@@H](CCC(=O)N[C@@H](CSCC(=O)Nc1ccc([As](O)O)cc1)C(=O)NCC(=O)O)C(=O)O,CHEMBL1743599,HCT-116,IC50
425,0.0,O=S(=O)(Nc1cc(Sc2ncnc3nc[nH]c23)c(O)c2ccccc12)c1ccc(F)cc1,CHEMBL3113280,HCT-116,IC50
426,0.0,COc1cc2c(cc1O)C[C@H]1c3cc4c(cc3C[C@@H]2N1C)OCO4,CHEMBL4065754,MDA-MB-231,IC50
427,0.0,CCCc1ccc(-c2c[nH]nc2-c2cc(OC)c(OC)c(OC)c2)cc1,CHEMBL4537302,HT-29,IC50
428,0.0,CCCCNC(=O)c1c(-c2ccccc2)nn2cc(-c3ccc(OC)cc3)n(C)c12,CHEMBL3323626,MCF-7,IC50
429,0.0,O=C(NCCc1c[nH]c2ccccc12)c1ccc2c(C(=O)O)ccc(O)c2n1,CHEMBL3634949,HCT-116,IC50
430,0.0,COc1cccc(C(=O)OC[C@@H](OC(C)=O)[C@H]2OC(=O)C=C[C@H]2OC(C)=O)c1,CHEMBL3814905,MDA-MB-231,IC50
431,0.0,CCCC(=O)Oc1ccc(/C(=C(/C)c2ccccc2)c2ccc(OCCN3CCCCC3)cc2)cc1,CHEMBL3775375,MCF-7,IC50
432,1.0,C=C[C@]1(C)C[C@@H](O)[C@]2(C)[C@H](C)CC[C@]3(CC(=C)C(=O)[C@H]32)[C@@H](C)[C@@H]1OC(=O)c1ccccc1F,CHEMBL5078810,HCT-116,IC50
433,1.0,C#CCO/N=C/c1c(N)ncnc1Oc1ccc2[nH]c(C)cc2c1F,CHEMBL219676,HCT-116,IC50
434,0.0,C[C@@H](CC[C@H]1O[C@H]2C[C@H]3[C@@H]4CC[C@@H]5C[C@@H](OCc6ccc(F)cc6)CC[C@]5(C)[C@H]4CC[C@]3(C)[C@H]2[C@@H]1C)CN1CCCC1,CHEMBL4099617,A549,IC50
435,0.0,CC1(C)OC2=C(C(=O)C(=O)c3ccccc32)C1n1cc(C2(O)CCCCC2)nn1,CHEMBL453114,MDA-MB-435,IC50
436,0.0,COc1cc2c(Oc3ccc(NC(=O)c4cc(-c5ccc(F)cc5)ccn4)cc3F)ccnc2cc1OCCCN1CCN(C)CC1,CHEMBL2436073,HT-29,IC50
437,0.0,CCCCOP(=O)(OCCCC)C1c2c(ccc3c2OCO3)-c2ccc3cc4c(cc3c2N1C)OCO4,CHEMBL4209053,HCT-15,IC50
438,0.0,COc1ccc(NC(=O)c2cc(OC)c(OC)c(OC)c2)cc1N,CHEMBL4462742,MDA-MB-468,IC50
439,0.0,NC(CCCCNP(=O)(OCc1ccc([N+](=O)[O-])o1)N(CCCl)CCCl)C(=O)O,CHEMBL159380,A549,IC50
440,0.0,COc1ccc2[nH]c3c4c(c(C=O)cc3c2c1)OC(C)(C)C=C4,CHEMBL2035835,MCF-7,IC50
441,0.0,CC1CCN(C2CCN(S(=O)(=O)c3ccc(C#N)cc3)CC2)CC1,CHEMBL4577075,DLD-1,IC50
442,0.0,CCOc1ccc(/C=C/c2cc(OC)c(OC)c(OC)c2)cc1OS(N)(=O)=O,CHEMBL5200390,HCT-116,IC50
443,0.0,C=C1C(=O)[C@@]23C(=O)OC[C@]4(C=CCC(C)(C)[C@H]4C=O)[C@@H]2CC[C@@H]1[C@H]3OC(=O)c1cnccn1,CHEMBL4173422,MCF-7,IC50
444,0.0,Oc1ccc(-c2cc(-c3ccccc3O)cc(-c3ccc(O)cc3)n2)cc1,CHEMBL3321774,T47D,IC50
445,0.0,O=C(NC1CCCCC1)c1[nH]cnc1-c1nc2ccccc2[nH]1,CHEMBL5185523,HCT-116,IC50
446,0.0,O=C1Nc2ccc(Br)cc2C12N(c1ccccc1)N=C(c1ccccc1)N2c1ccc(Cl)cc1,CHEMBL4166654,HCT-116,IC50
447,0.0,CCCSc1nc(Oc2ccccc2)c2[nH]c(=O)c(=O)n(Cc3ccccc3)c2n1,CHEMBL4161488,A549,IC50
448,0.0,C[C@@H](CCl)NC(=O)Nc1ccc2c(c1)-c1ccccc1C2,CHEMBL149176,HT-29,IC50
449,0.0,C[C@]12CC[C@H](OC(=O)CCCc3ccc(N(CCCl)CCCl)c([N+](=O)[O-])c3)CC1=CC[C@@H]1[C@@H]2CC[C@]2(C)C(=O)CC[C@@H]12,CHEMBL171376,MDA-MB-468,IC50
450,0.0,Cc1cc(Nc2nc(C(C)C)nc3ccccc23)n[nH]1,CHEMBL4289062,MCF-7,IC50
451,0.0,COc1cc2ncnc(Nc3cccc(C(F)(F)F)c3)c2cc1OCCCN1CCNCCNCCNCC1,CHEMBL4440646,A549,IC50
452,1.0,CC[C@@]12SS[C@]3(C(=O)N1C)[C@@H](O)[C@]1([C@@]45c6ccccc6N[C@@H]4N4C(=O)[C@]6(CC)SS[C@]4(C(=O)N6C)[C@H]5OC(=O)C(C)(C)C)c4ccccc4N[C@@H]1N3C2=O,CHEMBL4754883,MDA-MB-231,IC50
453,0.0,CN1CCC(Oc2ccc(-c3ccc(NC(=O)c4cccc5ccccc45)cc3)cc2)CC1,CHEMBL3353641,MCF-7,IC50
454,0.0,C=C1C(=O)O[C@H]2[C@H]1CC/C(C=O)=C\CC[C@@]1(C)O[C@@H]21,CHEMBL561183,HCT-116,IC50
455,0.0,CCN(CC)CCNCc1cc2c3ccccc3n(CCCc3ccccc3)c2cn1,CHEMBL1170813,HT-29,IC50
456,0.0,Cc1cc2c(cc1C)[n+](Cc1ccc(Br)cc1)cn2CC(=O)N1CCC2(C)c3ccccc3N(Cc3ccccc3)C12.[Br-],CHEMBL3746905,A549,IC50
457,0.0,Cc1cc(=O)oc2cc(OCC(=O)NN3C(=O)c4ccccc4C3=O)ccc12,CHEMBL4633337,MCF-7,IC50
458,0.0,COc1ccc(-n2nc(C(=O)Nc3ccc(Oc4ccnc5cc(OCCCN6CCCCC6)c(OC)cc45)c(F)c3)c3ccccc3c2=O)cc1,CHEMBL3309570,MDA-MB-231,IC50
459,0.0,C[C@@H]1CN(CC(=O)Nc2ccc3c(c2)Cc2cccc(-c4cc(=O)cc(N5CCOCC5)o4)c2S3)C[C@H](C)O1,CHEMBL2140173,MCF-7,IC50
460,1.0,Cl.O=C(Nc1ccc(C(=O)NCCN2CCOCC2)cc1)Nc1ccc(N(CCCl)CCCl)cc1,CHEMBL1643816,HCT-116,IC50
461,0.0,CCN(CC)c1ccnc(CN[C@@H](Cc2cn(C(c3ccccc3)(c3ccccc3)c3ccccc3)cn2)C(=O)OC)c1,CHEMBL4551537,MCF-7,IC50
462,1.0,CC(=O)O[C@@H](C)/C=C\C(=O)N[C@@H]1C[C@H](C)[C@H](C/C=C(C)/C=C/[C@H]2O[C@](C)(O)C[C@@]3(CO3)[C@@H]2O)O[C@@H]1C,CHEMBL494107,MCF-7,IC50
463,0.0,O=c1c2ccccc2oc2cc(OCC3CO3)cc(O)c12,CHEMBL231904,HCT-116,IC50
464,0.0,Cc1cc(Nc2nc(NCc3ccc(Cl)cc3)nc3[nH]ncc23)n[nH]1,CHEMBL5171469,MDA-MB-231,IC50
465,1.0,COc1ccc(/C=N/Nc2ncnc3c2c(SC)nn3-c2ccc(OC)cc2)cc1,CHEMBL2088946,MCF-7,IC50
466,0.0,CCOC(=O)CCCSc1nnc2c3nncn3c3ccccc3n12,CHEMBL4294756,Caco-2,IC50
467,1.0,C=C(Cl)C(=O)Nc1cc(Nc2nc3c(c(-c4cn(C)c5ccc(F)cc45)n2)CSCC3)c(OC)cc1N(C)CCN(C)C,CHEMBL4546787,A549,IC50
468,0.0,COc1ccc2[nH]c3c(=O)[nH]nc(C)c3c2c1,CHEMBL2088659,MDA-MB-231,IC50
469,1.0,CC(=O)O[C@@H]1[C@@H](OC(C)=O)[C@H](C)O[C@@H](Oc2cc3c(c4ccccc24)[C@H]([C@@H](C)Cl)CN3C(=O)c2cc3cc(OCCN(C)C)ccc3[nH]2)[C@@H]1OC(C)=O,CHEMBL443642,A549,IC50
470,0.0,C=C(CC[C@@H](C)[C@H]1CC[C@H]2C3=C(C(=O)C[C@]12C)[C@@]1(C)CCC(=O)[C@@H](C)[C@@H]1C[C@H]3OC(C)=O)[C@H](C)C(=O)Nc1[nH]cnc1C(N)=O,CHEMBL4846052,SW480,IC50
471,0.0,COc1cc(OC)c2c(-c3ccc4c(c3)OCO4)c3c(c(OC)c2c1O)COC3=O,CHEMBL518690,MCF-7,IC50
472,0.0,COc1cc(-c2c(O)cc(OC)c(Cl)c2C)c2c(O)c3c(cc2c1)C(C)(C)c1cc(OC)c(Cl)c(O)c1C3=O,CHEMBL4875297,MCF-7,IC50
473,0.0,CC(C)c1ccc(C2N=C(C(N)=O)c3ncn(-c4ccc(F)cc4)c3N2)cc1,CHEMBL4795888,A549,IC50
474,0.0,Cc1cc(C)nc(NS(=O)(=O)c2ccc(Nc3ccnc4cc(C(F)(F)F)ccc34)cc2)n1,CHEMBL2435731,LoVo,IC50
475,1.0,CC(C)[C@H]1C(=O)OC[C@@H](NC(=O)c2cnc3ccccc3n2)C(=O)N[C@@H](C)C(=O)N(C)[C@H]2C[Se]C[C@@H](C(=O)N1C)N(C)C(=O)[C@H](C)NC(=O)[C@H](NC(=O)c1cnc3ccccc3n1)COC(=O)[C@H](C(C)C)N(C)C2=O,CHEMBL4462400,HT-29,IC50
476,0.0,Cc1ccc(-n2nc3c(=O)n(CCCC(=O)NCCc4ccc(NC(=O)CCCCCCCCCC(=O)NCC56CC7CC(CC(C7)C5)C6)cc4)nc(C)c3c2C)cc1,CHEMBL5092958,SW480,IC50
477,0.0,COc1ccc([C@H]2CC3(ON2c2ccccc2)C(=O)O[C@@H]2C4=C(C)C(=O)C=C[C@]4(C)CC[C@H]23)cc1Br,CHEMBL2375842,A549,IC50
478,0.0,COc1cc([C@@H]2c3cc4c(cc3[C@@H](OC(=O)NC3CC3)[C@H]3COC(=O)[C@H]23)OCO4)cc(OC)c1O,CHEMBL3093657,A549,IC50
479,0.0,C=C(C)[C@@H]1CC[C@]2(C(=O)O)CC[C@]3(C)[C@H](CC[C@@H]4[C@@]5(C)C/C(=C\c6ccc(F)c(Br)c6)[C@H](O)C(C)(C)[C@@H]5CC[C@]43C)[C@@H]12,CHEMBL4087884,HCT-116,IC50
480,0.0,CC(C)c1nc2cc3c(=O)cc(-c4ccc(C(N)=O)cc4)oc3cc2n1Cc1ccccc1,CHEMBL1802976,MDA-MB-231,IC50
481,1.0,C=CC(=O)Nc1cccc(C(=O)Nc2ccc(NC(=O)c3n[nH]cc3NC(=O)c3c(Cl)cccc3Cl)cc2)c1.O=C(O)C(F)(F)F,CHEMBL4565957,HCT-116,IC50
482,0.0,Nc1nccc(-c2c[nH]c3ccc(Br)cc23)n1,CHEMBL44541,MCF-7,IC50
483,0.0,CCN(CC)CCCNc1nc2ccccc2nc1-c1nc2cc(Cl)ccc2o1,CHEMBL4529289,A549,IC50
484,0.0,CCCCCCCCCCCCO[C@H]1O[C@H](CO)[C@H](O)[C@H](O)[C@H]1O,CHEMBL1958183,A549,IC50
485,0.0,O=c1cc(-c2ccc(O)c(-c3c(O)cc(O)c4c(=O)cc(-c5ccc(O)cc5)oc34)c2)oc2cc(O)cc(O)c12,CHEMBL63354,A549,IC50
486,1.0,Oc1cc(O)c(-c2noc3ccc(NCCN4CCOCC4)cc23)cc1Cl,CHEMBL404630,HCT-116,IC50
487,0.0,COc1ccc(CN(C(=O)Cc2cccc(OC)c2)c2cc(OC)c(OC)c(OC)c2)cc1,CHEMBL4793654,MCF-7,IC50
488,1.0,CC[C@]1(NC(=O)c2ccncc2)C[C@H]2CN(CCc3c([nH]c4ccccc34)[C@@](C(=O)OC)(c3cc4c(cc3OC)N(C)[C@H]3[C@@](O)(C(=O)OC)[C@H](OC(C)=O)[C@]5(CC)C=CCN6CC[C@]43[C@@H]65)C2)C1,CHEMBL4077422,HCT-116,IC50
489,0.0,O=S1(=O)COC[C@@H](COCc2ccc(-c3ccc(CBr)cc3)cc2)N1,CHEMBL1224088,SK-BR-3,IC50
490,0.0,N#Cc1ccc(NC(=O)c2ccco2)cc1,CHEMBL1797173,MCF-7,IC50
491,1.0,CCCCCCCC[C@H](NC(=O)C(C)(C)NC(=O)C(C)(C)NC(=O)C1(NC(=O)[C@@H]2CCCN2C(=O)CCC)CCCCC1)C(=O)N[C@@H](CC(C)C)C(=O)NC(C)(C)C(=O)N[C@@H](CC(C)C)C(=O)NCCC(=O)N[C@@H](C)CNCCO,CHEMBL4642424,NCI-H460,IC50
492,0.0,COCC(=O)OCCC1(O)C(=O)OCc2c1cc1n(c2=O)Cc2cc3ccccc3nc2-1,CHEMBL352630,DLD-1,IC50
493,0.0,COc1c(O)cc2oc(-c3csc4ccccc34)cc(=O)c2c1O,CHEMBL4847517,A549,IC50
494,0.0,C[C@@H]1CC2=C(CO1)C(=O)[C@@](C)(O)[C@@H](O)C2,CHEMBL4447660,MCF-7,IC50
495,0.0,C=C(C)[C@@H]1CC[C@]2(C(=O)OCCCn3cnc(C)c3)CC[C@]3(C)[C@H](C[C@H]4OC(=O)C[C@@H](O)[C@]5(C)[C@@H]4[C@@]3(C)CC[C@H]5C(=C)C)[C@@H]12,CHEMBL5209333,MCF-7,IC50
496,0.0,COc1cc(Nc2nc(C3=CCN(C(=O)c4ccc([N+](=O)[O-])o4)CC3)nc(N3CCOCC3)n2)cc(OC)c1OC,CHEMBL4100631,MCF-7,IC50
497,1.0,CC1(C)C(Cc2c(Cl)cccc2Cl)C(=[N+]2CCCC2)C=CN1Cc1ccc(Cl)cc1.[Cl-],CHEMBL4759041,HCT-116,IC50
498,1.0,COc1cc([C@@H]2c3cc4c(cc3[C@@H](NC(=S)NC(=O)c3ccccc3Cl)[C@H]3COC(=O)[C@H]23)OCO4)cc(OC)c1OC,CHEMBL4858972,HCT-116,IC50
499,0.0,CC(C)(C)c1cn(C[C@H](O)[C@H]2OC(=O)C(OCc3ccccc3)=C2OCc2ccccc2)nn1,CHEMBL4532325,SW-620,IC50
500,0.0,COc1cc(O)cc2c1-c1c(O)cc(cc1O)CCCCCCC/C=C/CCCCC2,CHEMBL373843,NCI-H460,IC50
501,1.0,C=CC(=O)NCC(=O)N1CCN(c2ccc(Nc3ncc(Cl)c(Nc4ccccc4C(=O)NC)n3)cc2)CC1,CHEMBL5076249,HCT-116,IC50
502,0.0,CCCCOc1ccc2c3cc[n+](Cc4ccccc4)c(C)c3n(CCCc3ccccc3)c2c1.[Br-],CHEMBL2314901,HT-29,IC50
503,0.0,CC(C)=CCn1cc(CC(N)=O)c2cc(-c3cccc(C)c3)ccc21,CHEMBL1258095,MDA-MB-231,IC50
504,0.0,CCCCc1oc2ccccc2c1C(=O)c1ccc(OCCCC(=O)N2CCCCC2)cc1,CHEMBL4874389,MDA-MB-231,IC50
505,0.0,CCCCCCCCc1cn([C@@H]2c3cc4c(cc3[C@@H](c3cc(OC)c(OC)c(OC)c3)[C@H]3C(=O)OC[C@@H]32)OCO4)nn1,CHEMBL1782900,MCF-7,IC50
506,0.0,C=C(COC)[C@@H]1CC[C@]2(COC(=O)n3ccnn3)CC[C@]3(C)[C@H](CC[C@@H]4[C@@]5(C)CC[C@H](O)C(C)(C)[C@@H]5CC[C@]43C)[C@@H]12,CHEMBL1164907,HT-29,IC50
507,0.0,C=CC(=O)NCCNC(=O)CN1CCN(c2ccc(Nc3ncc4c(C)c(C(C)=O)c(=O)n(C5CCCC5)c4n3)nc2)CC1,CHEMBL4866843,MDA-MB-231,IC50
508,0.0,CC1CCN(Cc2ccc3nc(NC(=O)N/N=C/c4cn(Cc5ccc(C(C)(C)C)cc5)c5ccccc45)sc3c2)CC1,CHEMBL3415283,MDA-MB-231,IC50
509,1.0,COc1ccc(-c2[nH]nc3c2C(=O)c2c(NC(=O)CN4CCC(C(N)=O)CC4)cccc2-3)cc1,CHEMBL346184,HCT-116,IC50
510,0.0,O=C(CCCCCCN1C(=O)/C(=N\O)c2cccc(Cl)c21)NO,CHEMBL3087463,NCI-H460,IC50
511,0.0,Cc1ccccc1CN1CCn2c1nc(=O)c1c2CCN(Cc2ccc(F)cc2)C1,CHEMBL5194951,HCT-116,IC50
512,1.0,COc1ncc(-c2ccc3ncc(-c4nnc(CCN5CCOCC5)o4)n3c2)cc1NS(=O)(=O)c1ccc(F)cc1F,CHEMBL4456700,HCT-116,IC50
513,0.0,COc1cc(Nc2cc(-c3ccco3)cc3cc(C(C)=O)oc23)cc(OC)c1,CHEMBL4743754,MDA-MB-468,IC50
514,0.0,CCOC(=O)c1oc2ccc(NS(=O)(=O)c3ccc4ccccc4c3)cc2c1C,CHEMBL4081784,MDA-MB-231,IC50
515,0.0,C#Cc1cccc(Nc2ncnc3cc(N4CCN(C)CC4)c(F)cc23)c1,CHEMBL4516464,SW480,IC50
516,0.0,Oc1cccc(CN[C@@H]2CCCC[C@H]2NCc2cccc(O)c2O)c1O,CHEMBL3221344,MDA-MB-468,IC50
517,0.0,COc1ccc(C(=O)C=C2c3ccccc3C(=O)c3ccccc32)cc1OC,CHEMBL455727,NCI-H460,IC50
518,0.0,S=C(NCc1ccncc1)Nc1ccccc1,CHEMBL1872118,MCF-7,IC50
519,0.0,C=C(CCC=C(C)C)[C@H](O)Cc1c(O)cc(O)cc1CCc1ccccc1,CHEMBL4553474,A549,IC50
520,1.0,C=CC(=O)NCCC(=O)N1CCN(c2ccc(Nc3ncc(Cl)c(Nc4ccccc4C(=O)NC)n3)cc2)CC1,CHEMBL5089009,MDA-MB-231,IC50
521,0.0,COc1cc(-c2cc(COCc3cn(Cc4cc(-c5ccc(F)cc5)cnc4Cl)nn3)on2)cc(OC)c1OC,CHEMBL3397577,MCF-7,IC50
522,0.0,COCCNc1cc(NC(=O)c2cn(C)c3cc(CN4CCN(C)CC4=O)c(C=O)nc23)ncc1C#N,CHEMBL5219987,NCI-H1299,IC50
523,0.0,c1cc(-c2cccs2)nc(-c2cccs2)c1,CHEMBL455571,A549,IC50
524,0.0,Cc1oc2c3c(ccc2c(=O)c1C)OC[C@H]1[C@@H]3N(C2CCCCC2)OC1(C)C,CHEMBL2403187,A549,IC50
525,0.0,CN1CCN(CCCOc2ccc3c(Nc4ccc(NC(=O)NC5CCCCC5)cc4)ncnc3c2)CC1,CHEMBL3706679,HT-29,IC50
526,0.0,Oc1ccc(/C=N\NC(=S)NC2CCCCC2)cc1,CHEMBL3581208,MCF-7,IC50
527,0.0,CC(C)C(=O)Nc1ccc(S(=O)(=O)Oc2ccccc2C(C)C)cc1,CHEMBL4281293,HT-29,IC50
528,0.0,O=C(N/N=C/c1cc(Br)ccc1O)c1cccc(S(=O)(=O)N2CCOCC2)c1,CHEMBL4209263,MCF-7,IC50
529,1.0,COc1cc(Sc2c(-n3ccnc3)[nH]c3ccccc23)cc(OC)c1OC,CHEMBL2313790,HT-29,IC50
530,0.0,NS(=O)(=O)c1ccc(Nc2cc(-c3ccccc3)nc(SCC(=O)c3ccccc3)n2)cc1,CHEMBL5080079,MDA-MB-231,IC50
531,0.0,C=C1C(=O)[C@]23C[C@H]1CC[C@H]2[C@]1(C)C(=O)CC[C@@](C)(C(=O)OC)[C@H]1C[C@@H]3O,CHEMBL2022265,MDA-MB-231,IC50
532,0.0,COc1ccc(-c2nc(N)nc3c2ccc2c4cccc(C)c4[nH]c23)cc1Br,CHEMBL4082707,MCF-7,IC50
533,0.0,CNC(=O)c1ccc(Nc2ncc(C(F)(F)F)c(NCc3ccc(Cl)cc3)n2)cc1,CHEMBL4879100,MDA-MB-231,IC50
534,0.0,O=C1/C(=C/c2ccccc2O)Oc2ccccc21,CHEMBL1171578,HT-29,IC50
535,0.0,Cc1ccc(-c2csc(NC(=S)c3ccccc3)n2)c(C)c1,CHEMBL458536,MDA-MB-231,IC50
536,0.0,COc1ccc(N/C=C\C(=O)c2nc(-c3ccc(C(F)(F)F)cc3)n3ccccc23)cc1,CHEMBL4793874,A549,IC50
537,0.0,CC(=O)C[C@H]1O[C@H]2OC(C)CCCCCC/C=C\CCCCCCCC(=O)O[C@H]3[C@H](O)[C@@H](O)[C@H](O[C@@H]2[C@@H](O)[C@@H]1O)O[C@@H]3COC(C)=O,CHEMBL5199043,MDA-MB-231,IC50
538,0.0,Cc1ccc2c(=O)c3c(O)cc(OCCCO[N+](=O)[O-])cc3oc2c1,CHEMBL4169341,MDA-MB-231,IC50
539,0.0,S=C(N/N=C\c1ccc(Cl)cc1)NC1CCCCC1,CHEMBL3581211,MDA-MB-468,IC50
540,0.0,Cc1ccc(S(=O)(=O)n2cc(COC3=C/C(=N\c4ccc(Cl)cc4)c4ccccc4C3=O)nn2)cc1,CHEMBL4745310,NCI-H460,IC50
541,0.0,CC(C)=CCC/C=C(\C)Cc1c(OC/C=C(\C)CCC=C(C)C)c(C/C=C(\C)CCC=C(C)C)c(O)c2c(=O)cc(-c3ccccc3)oc12,CHEMBL1240937,HT-29,IC50
542,0.0,O=C(Nc1cccc(C(=O)Nc2ccc3[nH]ccc3c2)c1)c1ccc(Cl)cc1,CHEMBL4225380,HCT-116,IC50
543,0.0,CC(=O)OC[C@H]1O[C@@H](O[C@H]2CC[C@@]3(C)C(=CC[C@]4(O)[C@@H]3C[C@@H](OC(=O)/C=C/c3ccccc3)[C@@]3(C)[C@]4(O)CC[C@@]3(O)[C@H](C)OC(=O)c3cccnc3)C2)[C@H](OC(C)=O)[C@@H](OC(C)=O)[C@@H]1OC(C)=O,CHEMBL5181080,MCF-7,IC50
544,0.0,C[C@@H]1O[C@@H](O[C@H]2[C@H](O[C@H]3CC[C@@]4(C)[C@@H](CC[C@]5(C)[C@@H]4CC=C4[C@@H]6CC(C)(C)CC[C@]6(C(=O)O)CC[C@]45C)[C@]3(C)CO)OC[C@H](O)[C@@H]2O)[C@H](O)[C@H](O)[C@H]1O,CHEMBL447565,DLD-1,IC50
545,0.0,O=C(Nc1ccc(-c2ccnc(N3CCOCC3)n2)cc1)Nc1ccc(Cl)c(-c2ccncc2)c1,CHEMBL4174726,T47D,IC50
546,0.0,CCN1CCN(C(=O)c2c(C)[nH]c(/C=C3\C(=O)N(CCCN(C)C)c4ccc(F)cc43)c2C)CC1.Cl.Cl,CHEMBL3217177,A549,IC50
547,0.0,CC1(C)CC(=O)C2=C(C1)N(c1ccc(S(N)(=O)=O)cc1)c1nc[nH]c(=O)c1C2c1ccc(Cl)cc1,CHEMBL1243045,MCF-7,IC50
548,0.0,C[C@@]1([C@H](OC(=O)c2ccc3ccccc3c2)C(N)=O)CO1,CHEMBL78644,HT-29,IC50
549,0.0,S=C(NCc1cccnc1)SCCc1nnc(-c2cccs2)o1,CHEMBL3771324,MDA-MB-468,IC50
550,0.0,O=C(COc1c(Br)cc(Br)c2cccnc12)N/N=C/c1ccc(Cl)cc1,CHEMBL2377681,MDA-MB-231,IC50
551,0.0,COc1ccc(-c2cnc3c(O)nc(O)nc3n2)cc1,CHEMBL511249,HCT-116,IC50
552,0.0,COc1ccc2[nH]c(-c3ccccc3)c(Sc3cc(OC)c(OC)c(OC)c3)c2c1,CHEMBL3597202,MCF-7,IC50
553,0.0,NC(=O)[C@@H]1CCCN1C(=O)c1ccc(NC(=O)Nc2ccc(-c3cc(N4CCOCC4)nc(N4CCOCC4)n3)cc2)cc1,CHEMBL5085515,MDA-MB-231,IC50
554,0.0,C=C1C(=O)O[C@H]2[C@H]1[C@@H](OC(=O)[C@](C)(O)CCl)CC(=C)[C@@H]1C[C@H](O)[C@](O)(CCl)[C@H]21,CHEMBL272221,A549,IC50
555,0.0,CC(C)(O)CCC[C@@](C)(O)[C@H]1CC[C@]2(C)[C@@H]1[C@H](O)C[C@@H]1[C@@]3(C)CC[C@H](O)C(C)(C)[C@@H]3CC[C@]12C,CHEMBL1669124,MDA-MB-231,IC50
556,1.0,COc1cc(OC)c(-c2cn3ccc(N4CCN(c5cnc(N6CCCC6)nc5)CC4)cc3n2)cc1Cl,CHEMBL4555762,A549,IC50
557,0.0,Cc1ccc(N2C(=O)COc3ccc(-c4cccc(NS(=O)(=O)c5ccc(F)cc5)c4)cc32)cc1,CHEMBL4462789,HCT-116,IC50
558,1.0,COc1ccc([C@H]2[C@H](CF)C(=O)N2c2cc(OC)c(OC)c(OC)c2)cc1O,CHEMBL4789173,MDA-MB-231,IC50
559,0.0,CC(C)=CC[C@H]1C[C@@]23C[C@@H](CC=C(C)C)C(C)(C)[C@@](CC=C(C)C)(C(=O)C(C(=O)c4ccc(OC(=O)c5cccs5)c(OC(=O)c5cccs5)c4)=C2OC1(C)C)C3=O,CHEMBL4574256,A549,IC50
560,1.0,CC/C(=N/NC(=O)c1cccc(S(=O)(=O)N2CCOCC2)c1)c1cc(Cl)ccc1O,CHEMBL3104253,T47D,IC50
561,0.0,CC1=NNC(=O)C1C(c1c(-c2ccccc2)[nH]c2ccc(Cl)cc12)c1c(-c2ccccc2)[nH]c2ccc(Cl)cc12,CHEMBL2297707,A549,IC50
562,0.0,COc1c(C)cnc(Cn2cc(C#CCOCCOCCNc3cccc4c3C(=O)N(C3CCC(=O)NC3=O)C4=O)c3c(Cl)nc(N)nc32)c1C,CHEMBL5196540,MDA-MB-231,IC50
563,0.0,COc1ccc(-c2cc3ccccc3nc2/C=C/C(=O)c2ccco2)cc1,CHEMBL2313872,SK-BR-3,IC50
564,0.0,C#CCn1cc(C(=O)NC(C(=O)NC2CCCC2)c2ccccc2)c(=O)c2cc(F)c(Cl)nc21,CHEMBL560007,SW-620,IC50
565,1.0,CN(C)CCOc1ccc2[nH]c(C(=O)N3CC(CCl)c4c3cc([N+](=O)[O-])c3cc(C#N)ccc43)cc2c1,CHEMBL570914,HT-29,IC50
566,0.0,S=C(NCc1cccnc1)SCCc1nc2ccccc2s1,CHEMBL3770098,MDA-MB-468,IC50
567,0.0,C[C@@H]1CC[C@@]2(OC1)O[C@H]1C[C@H]3[C@@H]4CC[C@H]5C[C@@H](O)CC[C@]5(C)[C@H]4C/C(=N\NC(=S)Nc4ccc(Cl)cc4)[C@]3(C)[C@H]1[C@@H]2C,CHEMBL4205010,T47D,IC50
568,0.0,C=CC(=O)Nc1nc(-c2ccccc2Cl)cs1,CHEMBL4524682,HT-29,IC50
569,1.0,O=C(NO)c1ccc(NC(=O)C2(c3ccc4ccccc4c3)CCOCC2)cc1,CHEMBL4642874,A549,IC50
570,0.0,CC(=O)CO[C@@H]1[C@@H](OCC(C)=O)[C@@H](O)[C@H](Oc2c(-c3ccc(O)cc3)oc3cc(O)cc(O)c3c2=O)O[C@H]1C,CHEMBL2017518,MCF-7,IC50
571,1.0,CCCCCCCC(=O)SCC/C=C/[C@@H]1CC(=O)N[C@H](C(C)C)C(=O)N[C@H](C)C(=O)N[C@H](C(C)C)C(=O)NCC(=O)O1,CHEMBL3628319,HCT-116,IC50
572,1.0,CC(C)(C)c1ccc(Cn2nc(-c3ccc(Cl)cc3)cc2C(=O)NO)cc1,CHEMBL3290563,A549,IC50
573,0.0,Oc1c(C(Nc2cccc(Cl)c2)c2ccncc2)ccc2cccnc12,CHEMBL395576,SK-BR-3,IC50
574,0.0,CC(=O)O[C@H]1CC[C@]2(C)[C@H]3CC[C@@H]4C5=C(C(C)C)C(=O)C[C@]5(C(=O)OCCN5CCOCC5)CC[C@@]4(C)[C@]3(C)CC[C@H]2C1(C)C,CHEMBL4218644,MCF-7,IC50
575,0.0,COc1cc2nccc(Oc3ccc(NC(=O)C(OC(=O)c4ccc(C(F)(F)F)cc4)C(C)(C)C)cc3F)c2cc1OC,CHEMBL4800220,MDA-MB-231,IC50
576,0.0,CCCC(=O)Nc1cc(C(=O)NCCOc2ccc3nc4c(cc3c2)Cn2c-4cc3c(c2=O)COC(=O)C3(O)CC)n(COC)c1,CHEMBL70433,HT-29,IC50
577,0.0,CCCCCCOc1cc2oc(-c3ccccc3)cc(=O)c2c(O)c1O,CHEMBL3752049,HT-29,IC50
578,1.0,COc1cc([C@@H]2c3cc4c(cc3[C@@H](Nc3cc5c6ccccc6ccc5c5ccccc35)[C@H]3COC(=O)[C@H]23)OCO4)cc(OC)c1O,CHEMBL1288638,A549,IC50
579,1.0,CC1(C)OC2=C(C(=O)C(=O)c3ccccc32)C1n1cc(CN(C2=CC(=O)c3ccccc3C2=O)c2ccc(I)cc2)nn1,CHEMBL5202620,HCT-116,IC50
580,0.0,O=C1C=CC(=O)c2c1ccc1c2c(=O)oc2ccccc21,CHEMBL4098262,A549,IC50
581,0.0,O=C(Nc1ccc(Oc2ccc(-c3nccs3)cc2)cc1)Nc1ccc(Cl)c(C(F)(F)F)c1,CHEMBL1164487,MDA-MB-231,IC50
582,0.0,COC(=O)/C=C/c1ccc(O)c(O)c1,CHEMBL17001,NCI-H1299,IC50
583,0.0,CCOP(=O)(OCC)C(NNC(=O)CSc1nnc(-c2ccncc2)o1)c1cccs1,CHEMBL4453266,MCF-7,IC50
584,1.0,[2H]/C(c1nc[nH]c1C(C)(C)C)=c1/[nH]c(=O)/c(=C/c2ccccc2)[nH]c1=O,CHEMBL4063810,NCI-H460,IC50
585,1.0,COc1cc(OCCOc2no[n+]([O-])c2S(=O)(=O)c2ccccc2)cc(C(=O)c2cc(OC)c(OC)c(OC)c2)c1,CHEMBL5181322,A549,IC50
586,0.0,CCCSc1ccc2c(cc1=O)[C@@H](NC(C)=O)CCc1cc(OC)c(OC)c(OC)c1-2,CHEMBL4278690,MDA-MB-231,IC50
587,0.0,Cc1ccc(Nc2c(C(N)=O)cnc3ccc(C(=O)/C=C/c4ccc(Cl)cc4)cc23)cc1,CHEMBL3613693,MCF-7,IC50
588,0.0,Clc1ccc2ccc(-c3nc4ccccc4n3-c3ccccc3)nc2c1,CHEMBL4063833,A549,IC50
589,0.0,CC1(C)CCC[C@]2(C)[C@H]3C[C@@H](O)[C@]4(C)C5=C(C(=O)O[C@H]5O)[C@H](O)C[C@H]4[C@]3(C)CC[C@@H]12,CHEMBL1078884,MDA-MB-231,IC50
590,0.0,Cl.Cl.c1cc2nc(-c3ccc(-c4nc5ccc(C6=NCCN6)cc5s4)s3)sc2cc1C1=NCCN1,CHEMBL3216447,SW-620,IC50
591,0.0,CCCCC/C=C\C/C=C\CCCCCCCc1cc(=O)c2c(O)c(C)c(OCOC)c(C)c2o1,CHEMBL5089795,MDA-MB-231,IC50
592,0.0,CCN(CC)CCn1nc2c3c(c4c(cc31)OC(C)(C)C=C4)Sc1ccccc1-2,CHEMBL89615,HT-29,IC50
593,0.0,COc1cc(-c2[nH]c(=O)[nH]c2C(=O)Nc2ccc(C(C)(C)C)cc2)cc(OC)c1OC,CHEMBL1778261,MDA-MB-435,IC50
594,0.0,COC(=O)CCN1CCN(C(=O)[C@]23CCC(C)(C)C[C@H]2C2=CC[C@@H]4[C@@]5(C)CC[C@H](OC(C)=O)[C@@](C)(COC(C)=O)[C@@H]5CC[C@@]4(C)[C@]2(C)CC3)CC1,CHEMBL4100833,MDA-MB-231,IC50
595,1.0,CC(=NNC(=S)Nc1ccccc1)c1ccccn1,CHEMBL1867591,MCF-7,IC50
596,0.0,COc1ccc2c(c1)/C(=C\c1ccc([N+](=O)[O-])cc1)C(=O)CC2,CHEMBL2153142,HCT-116,IC50
597,0.0,COc1ccc2c(c1)-c1nn(CCOS(C)(=O)=O)c3cc4c(c(c13)N2C)C=CC(C)(C)O4,CHEMBL89582,HT-29,IC50
598,0.0,Oc1ccc(O)c(CN[C@@H]2CCCC[C@H]2NCc2cc(O)ccc2O)c1,CHEMBL3221347,MDA-MB-468,IC50
599,0.0,Cl.Cl.O=C(Nc1cnc(O[C@H]2CCNC2)c(-c2ccc(F)cc2)c1)c1cnc(O[C@H]2CCNC2)c(-c2ccc(F)c(F)c2)c1,CHEMBL4448313,SW480,IC50
600,0.0,O=C1c2ccccc2-c2n[nH]c3cccc1c23,CHEMBL7064,NCI-H322M,IC50
601,0.0,O=C1N(Cc2ccccc2)c2ccccc2C12Nc1ccccc1-n1cccc12,CHEMBL3765541,HT-29,IC50
602,0.0,CC(C)O/N=C/c1c(N)ncnc1Nc1ccc2c(cnn2Cc2cccc(F)c2)c1,CHEMBL402293,SK-BR-3,IC50
603,0.0,CC/C(=C(\c1ccccc1)c1ccc(OCCN(C)C(=O)CC[C@@H](C)[C@H]2CC[C@H]3[C@@H]4CC[C@@H]5C[C@H](OC(=O)C[N+]6(C)CCCCC6)CC[C@]5(C)[C@H]4CC[C@]23C)cc1)c1ccccc1.[Cl-],CHEMBL4299521,MDA-MB-231,IC50
604,0.0,CCCCCCCC/C=C\CCCCCCCC(=O)/C=C/C[C@H]1CC=CC(=O)O1,CHEMBL3127203,MDA-MB-231,IC50
605,1.0,COc1cc2c(Oc3ccc(NC(=O)c4cc(-c5ccc(C)cc5)ccn4)cc3F)ccnc2cc1OCCCN1CCN(C)CC1,CHEMBL2435999,A549,IC50
606,0.0,COC1=CC(=O)c2c(c(COC(N)=O)c3n2CCC3)C1=O,CHEMBL338521,NCI-H460,IC50
607,0.0,O=c1cc(-c2ccccc2)oc2ccc(Br)cc12,CHEMBL52825,MDA-MB-468,IC50
608,0.0,COc1ccc2c(c1)-c1ccccc1OC2c1cccc(OC)c1OC,CHEMBL4794490,MDA-MB-231,IC50
609,0.0,CCCCCCOP(=O)(O)OCCSC(=S)N1CCCCC1,CHEMBL3331192,MDA-MB-231,IC50
610,1.0,CCc1nn(-c2c(Cl)cc(Cl)cc2Cl)c2nc(Cc3ccc(Br)cc3)[nH]c(=O)c12,CHEMBL361030,HCT-116,IC50
611,0.0,COc1ccc2cc(-c3ccc(CO)cc3)ccc2c1,CHEMBL3330530,A549,IC50
612,0.0,O=c1cc2oc3ccccc3nc-2c2cccnc12,CHEMBL151423,MCF-7,IC50
613,0.0,COc1cc(OS(=O)(=O)c2ccc(NC(=O)NCCCl)cc2)cc(OC)c1OC,CHEMBL3633183,HT-29,IC50
614,0.0,C/C=C/C(=O)OCC1=C[C@@H](O)CCC1=O,CHEMBL2418577,A549,IC50
615,0.0,COc1ccc(-c2oc3cc(OC)cc(O)c3c(=O)c2OC)cc1,CHEMBL77686,A549,IC50
616,1.0,COc1ccc2c(c[n+](C)c3c4cc5c(cc4ccc23)OCO5)c1O.[Cl-],CHEMBL3597747,HCT-116,IC50
617,1.0,O=C(CCCCCOC(=O)c1ccc2c(c1)no[n+]2[O-])NO,CHEMBL3594296,HCT-116,IC50
618,0.0,Sc1nnc(-c2ccc(Nc3ccccc3-c3nnc(S)o3)cc2)o1,CHEMBL1241543,MCF-7,IC50
619,0.0,C=C1C(=O)[C@@]23[C@H](O)C[C@@H]4C(C)(C)CCC[C@@]4(COC(C)=O)[C@@H]2[C@@H](O)C[C@H]1[C@H]3OC(=O)c1cccc(Cl)c1Cl,CHEMBL4795702,MCF-7,IC50
620,0.0,C=C(C)[C@@H]1CC[C@]2(C(=O)OCCCCn3ccnc3CC)CC[C@]3(C)[C@H](C[C@H]4OC(=O)C[C@@H](O)[C@]5(C)[C@@H]4[C@@]3(C)CC[C@H]5C(=C)C)[C@@H]12,CHEMBL5207276,MCF-7,IC50
621,0.0,C#CCn1cc(C(=O)NC(CC(=O)NC2CCCC2)c2ccccc2)c(=O)c2ccc(Cl)nc21,CHEMBL557872,A549,IC50
622,0.0,Nc1nc(O)c2c(ccc3cc(Cl)c(Cl)cc32)n1,CHEMBL73594,SW480,IC50
623,1.0,COc1cc(OC)c(-c2cn3ccc(N4CCN(C(=O)OC(C)(C)C)C(C)C4)cc3n2)cc1Cl,CHEMBL4558804,A549,IC50
624,0.0,CCOP(=O)(OCC)C(Nc1ccc(CC(=O)OC2(CC)C(=O)OCc3c2cc2n(c3=O)Cc3c-2nc2ccc(OC(=O)N4CCC(N5CCCCC5)CC4)cc2c3CC)cc1)c1ccccc1,CHEMBL4743310,A549,IC50
625,0.0,O=C1Nc2ccccc2/C1=C\C(=O)c1ccccc1F,CHEMBL4283175,NCI-H460,IC50
626,0.0,COc1cc(/C=N/NC(=O)COc2c(Br)cc(Br)c3cccnc23)ccc1O,CHEMBL2377668,MDA-MB-231,IC50
627,0.0,CNC(=O)c1cc(Oc2ccc(/C=C/c3ccncc3)cc2)ccn1,CHEMBL4283873,A549,IC50
628,0.0,COc1cccc(/C=C/c2ccc3cccc(OC(C)=O)c3n2)c1,CHEMBL4471935,HCT-116,IC50
629,0.0,COc1ccc(-c2nc(NC(=O)NCCCCC(=O)NO)cc3c2[nH]c2ccccc23)cc1,CHEMBL3745758,SW480,IC50
630,0.0,C[C@H]1[C@H](C)CC[C@]2(C(=O)OCc3cn(-c4ccccc4I)nn3)CC[C@]3(C)C(=CC[C@@H]4[C@@]5(C)CCC(=O)C(C)(C)[C@@H]5CC[C@]43C)[C@H]12,CHEMBL2414946,A549,IC50
631,0.0,O=C(Nc1cccc(-c2oc3cc(-c4ccc(F)cc4)ccc3c(=O)c2O)c1)c1ccc(-c2ccccc2)cc1,CHEMBL5179847,MCF-7,IC50
632,0.0,CC[C@H](C)[C@@H]1NC(=O)[C@H](Cc2ccc(O)cc2)NC(=O)[C@H](CO)NC(=O)C(N)C(=O)[C@H](CC(N)=O)NC(=O)[C@H](CCCCN)NC(=O)[C@H](CCCCN)NC(=O)[C@@H]2CSSC[C@@H]3NC(=O)[C@H](CCCCN)NC(=O)CNC(=O)[C@H](CCC(N)=O)NC(=O)[C@H](C(C)C)NC(=O)[C@@H]4CSSC[C@H](NC(=O)[C@H]([C@@H](C)O)NC(=O)[C@H](CSSC[C@H](NC1=O)C(=O)NCC(=O)N[C@@H](CCC(=O)O)C(=O)N[C@@H]([C@@H](C)O)C(=O)N4)NC(=O)CNC(=O)[C@@H]1CCCN1C(=O)[C@H]([C@@H](C)O)NC(=O)[C@H](Cc1ccc(O)cc1)NC3=O)C(=O)N[C@@H](CO)C(=O)N[C@@H](Cc1c[nH]c3ccccc13)C(=O)N1CCC[C@H]1C(=O)N[C@@H]([C@@H](C)CC)C(=O)N2,CHEMBL4294778,MDA-MB-231,IC50
633,0.0,FC(F)(F)c1cc(/C=C\c2cc3ccccc3nc2Cl)cc(C(F)(F)F)c1,CHEMBL3741238,MCF-7,IC50
634,0.0,O=C(O)c1ccc(CN2C(=O)S/C(=C\c3ccccn3)C2=O)cc1,CHEMBL2236301,A549,IC50
635,0.0,CN1c2ccccc2-c2nn(CCN3CCCC3)c3cc4c(c1c23)C=CC(C)(C)O4,CHEMBL88803,HCT-116,IC50
636,0.0,O=c1c2nncn2c2cnc(Nc3ccc(N4CCCC4)cc3)nc2n1C1CCCC1,CHEMBL4468167,HCT-116,IC50
637,0.0,O=C1NC(=O)c2c1c1c3cc(OCc4ccccc4)ccc3[nH]c1c1cccn21,CHEMBL427684,A549,IC50
638,1.0,CC[C@]1(NC(=O)N2Cc3ccccc3C2)C[C@H]2CN(CCc3c([nH]c4ccccc34)[C@@](C(=O)OC)(c3cc4c(cc3OC)N(C)[C@H]3[C@@](O)(C(=O)OC)[C@H](OC(C)=O)[C@]5(CC)C=CCN6CC[C@]43[C@@H]65)C2)C1,CHEMBL2441610,ZR-75-1,IC50
639,0.0,O=C(/C=C/c1cccc(Cl)c1)c1nc2ccccc2[nH]1,CHEMBL1599610,MCF-7,IC50
640,0.0,CC1(C)O[C@@H]2[C@H](O1)[C@@H](Nc1ccccc1)[P@](=O)(c1ccccc1)O[C@@H]2[C@H]1COC(C)(C)O1,CHEMBL3343643,MDA-MB-231,IC50
641,0.0,Nc1ccccc1NC(=O)c1ccc(Cc2nnc(Cc3cccc4ccccc34)o2)cc1,CHEMBL3314869,MDA-MB-468,IC50
642,1.0,Cn1ccc2ccc3c4[nH]c5cc(OCc6ccccc6)ccc5c4c4c(c3c21)C(=O)NC4=O,CHEMBL75953,HCT-116,IC50
643,0.0,Cl.Cl.N=C(N)c1ccc2nc(-c3ccncc3-c3nc4ccc(C(=N)N)cc4s3)sc2c1,CHEMBL3216785,MCF-7,IC50
644,0.0,COc1cccc(-c2nc3ccc(N4CCCCC4)cc3c(=O)[nH]2)c1OC,CHEMBL3633257,T47D,IC50
645,0.0,CN1CCN(c2ccc(Nc3ncc4c(n3)-c3c(c(C(N)=O)nn3C)CC4)cc2)CC1,CHEMBL560817,MCF-7,IC50
646,0.0,CN(C)CCCCc1cc2c(cc1-c1cc3ccc4c(c3cn1)OCO4)OCO2,CHEMBL5172516,HCT-116,IC50
647,1.0,Cc1cc(-c2cnn(C)c2-c2sc3ccccc3c2C#N)cc2c(CN)n[nH]c(=O)c12,CHEMBL5202238,HCT-116,IC50
648,0.0,CP(C)(=O)c1ccccc1Nc1nc(Nc2cnn(CC(F)F)c2)nc2[nH]ccc12,CHEMBL4577625,A549,IC50
649,0.0,CCCCO/C(C[C@]1(OC)CC[C@H]2[C@@H]3CCc4cc(OC)ccc4[C@H]3CC[C@@]21C)=N/S(=O)(=O)c1ccc(C)cc1,CHEMBL4578308,MCF-7,IC50
650,0.0,C=CC[C@@H](Cc1c[nH]c2ccccc12)NS(=O)(=O)c1c(C(C)C)cc(C(C)C)cc1C(C)C,CHEMBL4469205,A549,IC50
651,0.0,[O-]/[N+](=C\c1cn(CCC(F)(F)C(F)(F)C(F)(F)C(F)(F)C(F)(F)C(F)(F)C(F)(F)C(F)(F)F)nn1)Cc1ccccc1,CHEMBL3260133,A549,IC50
652,0.0,COc1ccc(-c2nn3c(-c4cc(OC)c(OC)c(OC)c4)nnc3s2)cc1[N+](=O)[O-],CHEMBL4173845,A549,IC50
653,0.0,COc1cc(/C=C/C(=O)c2c(O)cc(O)cc2OC)cc(OC)c1,CHEMBL3416010,A549,IC50
654,1.0,CCNc1ccc(-c2cc(=O)c3c(N)cccc3o2)cc1,CHEMBL117688,MCF-7,IC50
655,0.0,C=C1C(=O)O[C@H]2[C@H]1CC/C(COC(=O)/C=C/c1cccs1)=C\CC[C@@]1(C)O[C@@H]21,CHEMBL4483634,MDA-MB-231,IC50
656,0.0,CNc1nc(NCc2ccc(NC(=O)c3ccc(F)cc3)cc2)c2cc(C)ccc2n1,CHEMBL568799,LoVo,IC50
657,0.0,CN[C@@H](C)C(=O)N[C@H](C(=O)N1C[C@@H]2C[C@H]1C(=O)N[C@@H](Cc1ccccc1)C(=O)N[C@H](C(=O)O)Cc1ccc(cc1)OCc1cn(nn1)[C@H]1C[C@@H](C(=O)N[C@@H](Cc3ccccc3)C(=O)N[C@H](C(=O)O)Cc3ccc(cc3)OCc3cn2nn3)N(C(=O)[C@@H](NC(=O)[C@H](C)NC)C(C)C)C1)C(C)C,CHEMBL3414724,MDA-MB-231,IC50
658,0.0,O=C(CCCCCCCN(Cc1ccc(F)cc1)c1ncc(C(=O)NCCCn2ccnc2)s1)NO,CHEMBL4170109,A549,IC50
659,0.0,CC(=O)Oc1ccc(-c2cc3c(OC(C)=O)cc(OC(C)=O)cc3n(C)c2=O)cc1,CHEMBL85761,A549,IC50
660,0.0,CCN(CC)c1ccc(/C=N/C[C@]2(C)CCC[C@]3(C)c4ccc(C(C)C)cc4CC[C@@H]23)c(O)c1,CHEMBL4172213,A549,IC50
661,0.0,COc1ccc(-c2cccnc2)c(OC)c1,CHEMBL4435781,HT-29,IC50
662,0.0,COC(=O)[C@H](Cc1c[nH]c2ccccc12)NC1=C(C)C(=O)C(O)=C([C@H](C)CCC=C(C)C)C1=O,CHEMBL2071242,HCT-15,IC50
663,0.0,O=C1CCC[C@@H](C(=O)N[C@@H](CCCCCSSCCCCC[C@H](NC(=O)[C@@H]2CCCC(=O)N2)C(=O)Nc2ccccc2)C(=O)Nc2ccccc2)N1,CHEMBL3356943,NCI-H460,IC50
664,1.0,C=CCc1ccc(OCCCCCc2c3[n+](cc4c(OC)c(OC)ccc24)CCc2cc4c(cc2-3)OCO4)c(-c2ccc(O)c(CC=C)c2)c1.[I-],CHEMBL4798474,A549,IC50
665,0.0,CN(C)CCN1C(=O)c2cccc3c(N4CCN(C/C=C/c5ccc(N(C)C)cc5)CC4)ccc(c23)C1=O,CHEMBL568238,A549,IC50
666,0.0,CCc1n(Cc2cc3ccccc3o2)cc[n+]1C(C(=O)c1ccccc1)c1ccccc1.[Br-],CHEMBL2430079,A549,IC50
667,0.0,COC(=O)c1ccc(-n2cc(CCCOS(=O)(=O)c3ccc(-c4ccccc4)cc3)nn2)cc1,CHEMBL4642834,A549,IC50
668,0.0,CCCCC/C=C\C/C=C\CCCCCCCc1cc(=O)c2c(O)cc(O)c(C)c2o1,CHEMBL5074034,MCF-7,IC50
669,0.0,C[C@@H]1CC[C@@]2(OC1)O[C@H]1C[C@H]3[C@@H]4CC[C@H]5C[C@@H](O)CC[C@]5(C)[C@H]4C/C(=N\NC(=S)Nc4ccc(Oc5ccccc5)cc4)[C@]3(C)[C@H]1[C@@H]2C,CHEMBL4206282,BT-474,IC50
670,0.0,CCCn1nc(-c2cn(Cc3ccc(Cl)c(Cl)c3)c3ccccc23)cc1C(=O)NN,CHEMBL1910484,A549,IC50
671,0.0,O=c1c(CSC(=S)N2CCCC2)coc2ccccc12,CHEMBL563302,SW480,IC50
672,1.0,COc1cncc2c1[C@]1(O)[C@H](O)[C@H](C(=O)N(C)C)[C@@H](c3ccccc3)[C@]1(c1ccc(C#N)cc1)O2,CHEMBL4638120,MDA-MB-231,IC50
673,0.0,Cc1c(COc2cc(OCc3cccc(C#N)c3)c(CN3CCCCC3C(=O)NO)cc2Cl)cccc1-c1ccc2c(c1)OCCO2,CHEMBL4761815,MCF-7,IC50
674,1.0,CCCCCCCCCCCC(=O)N[C@@H](Cc1ccccc1)C(=O)N[C@H]1/C=C/CCNC(=O)/C=C/[C@H](C(C)C)NC1=O,CHEMBL3629685,HCT-116,IC50
675,1.0,COc1ccc(-c2c(Nc3cnccn3)[nH]c3c(C4=CCCCC4)c(-c4ccccc4)nn3c2=O)cc1,CHEMBL4529030,HCT-116,IC50
676,0.0,CCN(CC)CC(=O)Nc1ccc(Nc2nc3cc(OC)ccc3cc2-c2ccc(OC)cc2)cc1,CHEMBL4468005,MCF-7,IC50
677,0.0,Cc1ccc(C(=O)NS(=O)(=O)c2ccccc2)c(Cl)n1,CHEMBL1945646,MCF-7,IC50
678,0.0,O=C1CN(Cc2ccccc2)c2nc(Nc3ccccc3)ncc2N1,CHEMBL4061911,MDA-MB-231,IC50
679,1.0,Oc1cccc(-c2cc(-c3ccccc3Cl)c3oc4ccccc4c3n2)c1,CHEMBL4095375,T47D,IC50
680,1.0,COc1cc([C@@H]2c3cc4c(cc3[C@H](OC(=O)CCCCC3CCSC(c5ccc(C)cc5)S3)[C@H]3COC(=O)[C@H]23)OCO4)cc(OC)c1OC,CHEMBL4866905,A549,IC50
681,1.0,COc1cc2c(Nc3c(Br)ccc4c3OCO4)ncnc2cc1OCCCN1CCOCC1,CHEMBL173799,A549,IC50
682,0.0,N/N=C1/c2cc(-c3ccc(C(=O)O)cc3)ccc2-n2c1nc1ccccc1c2=O,CHEMBL4084016,A549,IC50
683,0.0,O=C1C=CC2(Oc3cccc4cccc(c34)O2)c2cccc(OCc3ccco3)c21,CHEMBL423684,MCF-7,IC50
684,0.0,Cc1ncc([N+](=O)[O-])n1CCOC(=O)/C=C/c1ccccc1F,CHEMBL1172877,MCF-7,IC50
685,1.0,Nc1n[nH]c2cccc(-c3cccc(NC(=O)Nc4cccc(F)c4)c3)c12,CHEMBL3633291,A549,IC50
686,0.0,O=C(Nc1cccc(-c2oc3cc(-c4ccc(F)cc4)ccc3c(=O)c2O)c1)c1ccc(Br)cc1F,CHEMBL5189999,A549,IC50
687,0.0,CCNC(CS(C)(=O)=O)c1ccc(-c2ccc3ncnc(Nc4ccc(OCc5cccc(F)c5)c(Cl)c4)c3c2)o1,CHEMBL3344211,MCF-7,IC50
688,0.0,CCOP(=O)(OCC)C(NC(=O)c1cc(O)c2c(c1)C(=O)c1cccc(O)c1C2=O)c1ccccc1F,CHEMBL3104803,HCT-116,IC50
689,1.0,CCOC(=O)c1nc2c3c(ncn2n1)Oc1cc(OCC)ccc1C3c1ccc(Cl)cc1,CHEMBL2316095,MCF-7,IC50
690,0.0,CCOP(=O)(OCC)C(NC(=S)NC(=O)[C@]1(C)CCC[C@]2(C)c3ccc(C(C)C)cc3C(=O)C[C@@H]12)c1ccc(OC)cc1,CHEMBL2436341,NCI-H460,IC50
691,0.0,COc1ccc2oc(=O)cc(-c3ccc(OC)nc3)c2c1,CHEMBL4104721,A549,IC50
692,1.0,CCCCCCCCCC(=O)N[C@@H](Cc1cccc(Cl)c1)C(=O)N[C@H]1/C=C/CCNC(=O)/C=C/[C@H](C(C)C)NC1=O,CHEMBL3629767,HCT-116,IC50
693,1.0,COc1cc(C(=O)c2cccc(-c3ccc(C)c(O)c3)n2)cc(OC)c1OC,CHEMBL4468642,SK-BR-3,IC50
694,0.0,COc1cc(/C=C2\CCC/C(=C\c3ccc(F)c(F)c3)C2=O)cc(OC)c1OC,CHEMBL4641321,SW-620,IC50
695,0.0,CC[C@H](C)[C@@H]1NC(=O)[C@@H]2[C@@H](C)CCN2C(=O)[C@@H](C[C@H](O)CCl)OC(=O)CCNC(=O)[C@H](C)N(C)C(=O)[C@H]([C@@H](C)CC)N(C)C1=O,CHEMBL5207287,MCF-7,IC50
696,1.0,COc1c(Cl)c2c(c(OC)c1OC)-c1ccc(SC)c(=O)cc1[C@@H](NC(=O)CCCCl)CC2,CHEMBL4749049,MCF-7,IC50
697,0.0,Cc1ccccc1OS(=O)(=O)c1ccc(N2CCN(C)C2=O)cc1,CHEMBL4104580,HT-29,IC50
698,0.0,COc1ccc2[nH]c3c(N)ccc(NCCc4ccc(OC)c(OC)c4)c3c(=O)c2c1,CHEMBL4781831,SW480,IC50
699,0.0,O=C1C(=O)N(CCn2cc(COc3cc(=O)oc4ccccc34)nn2)c2ccc(I)cc21,CHEMBL4084273,HCT-116,IC50
700,0.0,CN1CCN(c2ccc(NC(=O)COc3ccc(-c4nc5cc(Cl)ccc5c(=O)[nH]4)cc3)cc2Cl)CC1,CHEMBL5091489,MDA-MB-231,IC50
701,0.0,CCCc1nn(C)c2c1NC1(CCCCCC1)NC2=O,CHEMBL4102404,MDA-MB-231,IC50
702,0.0,COc1ccc(C2=NN(C(=O)c3ccc(OC)c(F)c3)C(O)(c3ccc(C)cc3)C2)cc1,CHEMBL3741009,MDA-MB-231,IC50
703,0.0,COC(=O)[C@@]12CC(=O)[C@@H](C(C)C)CC(=O)[C@@H](C)CCC[C@@H](C)CC(=O)[C@@H]1CC(C)=C1[C@@H]3C[C@@](C)(O)[C@H](CC[C@@H](C)C(=O)CC/C(C)=C/[C@H]12)O3,CHEMBL503434,HCT-116,IC50
704,0.0,CCNC(=O)c1noc(-c2cc(C(C)C)c(O)cc2O)c1C#CC(C)(C)NC(=O)c1ccc(C(F)(F)F)cc1,CHEMBL3600794,A549,IC50
705,0.0,O=C(c1ccccc1)c1sc(N2CCCC2)nc1Br,CHEMBL2377058,MCF-7,IC50
706,1.0,COc1cc(C(=O)c2cc(OC)c(OC)c(OC)c2)nc(-c2ccc(C)cc2)c1,CHEMBL5075091,SK-BR-3,IC50
707,0.0,Cc1occc1-c1nc(N)c(OC[C@@H](N)Cc2c(C#N)[nH]c3ccccc23)cc1-c1cnc2[nH]nc(C)c2n1,CHEMBL605410,BT-474,IC50
708,0.0,CC(C)N[C@H]1CC[C@H](OCC#Cc2c(-c3ccccc3)oc3ccccc23)O[C@H]1C,CHEMBL1770618,HT-29,IC50
709,0.0,C=C(C)[C@@H]1CC[C@]2(COC(=O)[C@H](O)CO)CC[C@]3(C)[C@H](CC[C@@H]4[C@@]5(C)CC[C@H](OC(=O)[C@H](O)CO)C(C)(C)[C@@H]5CC[C@]43C)[C@@H]12,CHEMBL2047053,A549,IC50
710,0.0,CC(O)(CS(=O)(=O)c1ccc(F)cc1)C(=O)Nc1ccc(C#N)c(C(F)(F)F)c1,CHEMBL409,COLO 205,IC50
711,1.0,COc1nc2ccc(F)cc2nc1NC(=O)N1CCN(c2cccc(C)c2)CC1,CHEMBL1278119,HT-29,IC50
712,0.0,C[C@H](CC[C@@]1(O)O[C@H]2C[C@H]3[C@@H]4CC[C@H]5C[C@@H](O[C@@H]6O[C@H](CO)[C@H](O[C@@H]7O[C@H](CO)[C@@H](O)[C@H](O[C@@H]8OC[C@@H](O)[C@H](O)[C@H]8O)[C@H]7O[C@@H]7O[C@H](CO)[C@H](O)[C@H](O)[C@H]7O)[C@H](O)[C@H]6O)CC[C@]5(C)[C@H]4CC[C@]3(C)[C@H]2[C@@H]1C)CO[C@@H]1O[C@H](CO)[C@@H](O)[C@H](O)[C@H]1O,CHEMBL447445,MCF-7,IC50
713,0.0,OC[C@H]1O[C@@H](n2cnc3c(N4CCN(c5ccc(Cl)c(Cl)c5)CC4)ncnc32)[C@H](O)[C@@H]1O,CHEMBL2042167,HCT-116,IC50
714,0.0,CC(c1ccc2oc3ccccc3c2c1)n1c[n+](CC(=O)c2ccc(F)cc2)c2ccccc21.[Br-],CHEMBL2408529,MCF-7,IC50
715,0.0,CCOc1cc2c(Nc3cccc(Br)c3)c(C#N)cnc2cc1OC,CHEMBL110065,SK-BR-3,IC50
716,1.0,O=C(/C=C/c1ccc2c(c1)C(=O)CC1(CCCN(CCc3ccccc3)CC1)O2)NO,CHEMBL3758515,A549,IC50
717,0.0,CNC1=CC(=O)c2ccccc2C1=O,CHEMBL240319,HCT-116,IC50
718,0.0,COc1cc([C@@H]2c3cc4c(cc3[C@@H](NC(=O)c3cc(-c5ccc(F)cc5)on3)[C@H]3COC(=O)[C@H]23)OCO4)cc(OC)c1OC,CHEMBL2314070,HT-29,IC50
719,1.0,O=C1Cc2cccc(c2)OC/C=C/COc2cccc(c2)CC(=O)Nc2nnc(s2)CCCCc2ccc(nn2)N1,CHEMBL4858033,HCT-116,IC50
720,0.0,COc1ccc(/C=C/[C@](C)(/C=C/c2ccc(O)cc2)CCC=C(C)C)cc1,CHEMBL1169766,MCF-7,IC50
721,0.0,COc1ccc(C(=O)/C=C2/Nc3ccccc3NC2=O)cc1,CHEMBL5169371,A549,IC50
722,0.0,COc1cc(Nc2ncnc3cc(-c4ccc(F)cc4)sc23)cc(OC)c1OC,CHEMBL4475082,HT-29,IC50
723,0.0,COc1ccc2sc(-c3nc4ccc(Br)cc4[nH]3)nc2c1,CHEMBL4094104,HCT-116,IC50
724,0.0,CCN(CC)c1ccc2c(-c3ccccc3C(=O)OCC(=O)[C@@]3(O)CC[C@H]4[C@@H]5CCC6=CC(=O)C=C[C@@]6(C)[C@H]5C(=O)C[C@@]43C)c3ccc(=[N+](CC)CC)cc-3oc2c1.[Cl-],CHEMBL4776186,MCF-7,IC50
725,0.0,CN(C)CCn1nc2c3c(c4c(cc31)OC(C)(C)C=C4)Sc1ccccc1-2,CHEMBL316186,HCT-116,IC50
726,0.0,CCCOC1=CC(=O)C[C@@H](C)[C@]12Oc1c(Cl)c(OC)cc(OC)c1C2=O,CHEMBL522763,MDA-MB-231,IC50
727,0.0,Cc1ccccc1S(=O)(=O)N1[C@@H](c2ccc(Cl)cc2)C(COCC(=O)N[C@@H](Cc2ccccc2)C(N)=O)=C[C@H]1C(C)(C)C,CHEMBL4513531,BT-474,IC50
728,0.0,CC(C)(O)c1cc2nc(N/N=C/c3cn(Cc4ccc(C#N)cc4)c4ccccc34)nc(N3CCOCC3)c2s1,CHEMBL2088464,MDA-MB-231,IC50
729,0.0,c1ccc(C(c2ccc3oc4ccccc4c3c2)n2cnc3ccccc32)cc1,CHEMBL2408360,A549,IC50
730,0.0,O=C(/C=C/c1cccnc1)NCCCc1ccc(S(=O)(=O)Nc2ccccc2)cc1,CHEMBL4567362,MCF-7,IC50
731,0.0,O=S(=O)(Nc1ccc2[nH]c3ccncc3c2c1)c1ccc(Cl)cc1,CHEMBL1290558,MCF-7,IC50
732,0.0,O=C(Nc1cnn(-c2ccccc2)c1)c1ccc(NS(=O)(=O)c2ccc(Cl)cc2)cc1,CHEMBL4459564,A549,IC50
733,0.0,Cc1ccc(S(=O)(=O)Nc2cc(SCC(=O)N[C@@H](CC(C)C)B(O)O)c(O)c3ccccc23)cc1,CHEMBL4216232,MCF-7,IC50
734,0.0,COc1cc(/C=N/NC(=O)Nc2ccc(-c3nc(N4CCOCC4)c4sccc4n3)cc2)cc(OC)c1O,CHEMBL3343622,MDA-MB-231,IC50
735,0.0,COc1cc(C(=O)Nc2c(C(=O)c3ccc(C)cc3)[nH]c3cc(C)ccc23)cc(OC)c1OC,CHEMBL4521343,Hs-578T,IC50
